eGRID2012 State File,,,,,,,,,,,,,,,,,,,,,,,,,,,,,,,,,,,,,,,,,,,,,,,,,,,,,,,,,,,,,,,,,,,,,,,,,,,,,,,,,,,,,,,,,,,,,,,,,,,,,,,,,,,,,,
This state file has 51 records and 111 data elements.  ,,,,,,,,,,,,,,,,,,,,,,,,,,,,,,,,,,,,,,,,,,,,,,,,,,,,,,,,,,,,,,,,,,,,,,,,,,,,,,,,,,,,,,,,,,,,,,,,,,,,,,,,,,,,,,
,,,,,,,,,,,,,,,,,,,,,,,,,,,,,,,,,,,,,,,,,,,,,,,,,,,,,,,,,,,,,,,,,,,,,,,,,,,,,,,,,,,,,,,,,,,,,,,,,,,,,,,,,,,,,,
eGRID2012 file state sequence number,State abbreviation,FIPS State code,State nameplate capacity (MW),State annual heat input (MMBtu),State ozone season heat input (MMBtu),State annual net generation (MWh),State ozone season net generation (MWh),State annual NOx emissions (tons),State ozone season NOx emissions (tons),State annual SO2 emissions (tons),State annual CO2 emissions (tons),State annual CH4 emissions (lbs),State annual N2O emissions (lbs),State annual CO2 equivalent emissions (tons),State annual Hg emissions (lbs),State annual NOx total output emission rate (lb/MWh),State ozone season NOx total output emission rate (lb/MWh),State annual SO2 total output emission rate (lb/MWh),State annual CO2 total output emission rate (lb/MWh),State annual CH4 total output emission rate (lb/GWh),State annual N2O total output emission rate (lb/GWh),State annual CO2 equivalent total output emission rate (lb/MWh),State annual Hg total output emission rate (lb/GWh),State annual NOx input emission rate (lb/MMBtu),State ozone season NOx input emission rate (lb/MMBtu),State annual SO2 input emission rate (lb/MMBtu),State annual CO2 input emission rate (lb/MMBtu),State annual Hg input emission rate (lb/BBtu),State annual NOx combustion output emission rate (lb/MWh),State ozone season NOx combustion output emission rate (lb/MWh),State annual SO2 combustion output emission rate (lb/MWh),State annual CO2 combustion output emission rate (lb/MWh),State annual CH4 combustion output emission rate (lb/GWh),State annual N2O combustion output emission rate (lb/GWh),State annual Hg combustion output emission rate (lb/GWh),State annual NOx coal output emission rate (lb/MWh),State annual NOx oil output emission rate (lb/MWh),State annual NOx gas output emission rate (lb/MWh),State annual NOx fossil fuel output emission rate (lb/MWh),State ozone season NOx coal output emission rate (lb/MWh),State ozone season NOx oil output emission rate (lb/MWh),State ozone season NOx gas output emission rate (lb/MWh),State ozone season NOx fossil fuel output emission rate (lb/MWh),State annual SO2 coal output emission rate (lb/MWh),State annual SO2 oil output emission rate (lb/MWh),State annual SO2 gas output emission rate (lb/MWh),State annual SO2 fossil fuel output emission rate (lb/MWh),State annual CO2 coal output emission rate (lb/MWh),State annual CO2 oil output emission rate (lb/MWh),State annual CO2 gas output emission rate (lb/MWh),State annual CO2 fossil fuel output emission rate (lb/MWh),State annual Hg coal output emission rate (lb/GWh),State annual Hg fossil fuel output emission rate (lb/GWh),State annual NOx coal input emission rate (lb/MMBtu),State annual NOx oil input emission rate (lb/MMBtu),State annual NOx gas input emission rate (lb/MMBtu),State annual NOx fossil fuel input emission rate (lb/MMBtu),State ozone season NOx coal input emission rate (lb/MMBtu),State ozone season NOx oil input emission rate (lb/MMBtu),State ozone season NOx gas input emission rate (lb/MMBtu),State ozone season NOx fossil fuel input emission rate (lb/MMBtu),State annual SO2 coal input emission rate (lb/MMBtu),State annual SO2 oil input emission rate (lb/MMBtu),State annual SO2 gas input emission rate (lb/MMBtu),State annual SO2 fossil fuel input emission rate (lb/MMBtu),State annual CO2 coal input emission rate (lb/MMBtu),State annual CO2 oil input emission rate (lb/MMBtu),State annual CO2 gas input emission rate (lb/MMBtu),State annual CO2 fossil fuel input emission rate (lb/MMBtu),State annual Hg coal input emission rate (lb/BBtu),State annual Hg fossil fuel input emission rate (lb/BBtu),State annual NOx non-baseload output emission rate (lb/MWh),State ozone season NOx non-baseload output emission rate (lb/MWh),State annual SO2 non-baseload output emission rate (lb/MWh) ,State annual CO2 non-baseload  output emission rate (lb/MWh) ,State annual CH4 non-baseload output emission rate (lb/GWh),State annual N2O non-baseload output emission rate (lb/GWh),State annual Hg non-baseload  output emission rate (lb/GWh) ,State annual coal net generation (MWh),State annual oil net generation (MWh),State annual gas net generation (MWh),State annual nuclear net generation (MWh),State annual hydro net generation (MWh),State annual biomass net generation (MWh),State annual wind net generation (MWh),State annual solar net generation (MWh),State annual geothermal net generation (MWh),State annual other fossil net generation (MWh),State annual other unknown/ purchased fuel net generation (MWh),State annual total nonrenewables net generation (MWh),State annual total renewables net generation (MWh),State annual total nonhydro renewables net generation (MWh),State annual total combustion net generation (MWh),State annual total noncombustion net generation (MWh),State coal generation percent (resource mix),State oil generation percent (resource mix),State gas generation percent (resource mix),State nuclear generation percent (resource mix),State hydro generation percent (resource mix),State biomass generation percent (resource mix),State wind generation percent (resource mix),State solar generation percent (resource mix),State geothermal generation percent (resource mix),State other fossil  generation percent (resource mix),State other unknown/ purchased fuel generation percent (resource mix),State total nonrenewables generation percent (resource mix),State total renewables generation percent (resource mix),State total nonhydro renewables generation percent (resource mix),State total combustion generation percent (resource mix),State total noncombustion generation percent (resource mix)
SEQST12,PSTATABB,FIPSST,NAMEPCAP,STHTIAN,STHTIOZ,STNGENAN,STNGENOZ,STNOXAN,STNOXOZ,STSO2AN,STCO2AN,STCH4AN,STN2OAN,STCO2EQA,STHGAN,STNOXRTA,STNOXRTO,STSO2RTA,STCO2RTA,STCH4RTA,STN2ORTA,STC2ERTA,STHGRTA,STNOXRA,STNOXRO,STSO2RA,STCO2RA,STHGRA,STNOXCRT,STNOXCRO,STSO2CRT,STCO2CRT,STCH4CRT,STN2OCRT,STHGCRT,STCNOXRT,STONOXRT,STGNOXRT,STFSNXRT,STCNXORT,STONXORT,STGNXORT,STFSNORT,STCSO2RT,STOSO2RT,STGSO2RT,STFSS2RT,STCCO2RT,STOCO2RT,STGCO2RT,STFSC2RT,STCHGRT,STFSHGRT,STCNOXR,STONOXR,STGNOXR,STFSNXR,STCNXOR,STONXOR,STGNXOR,STFSNOR,STCSO2R,STOSO2R,STGSO2R,STFSS2R,STCCO2R,STOCO2R,STGCO2R,STFSC2R,STCHGR,STFSHGR,STNBNOX,STNBNXO,STNBSO2,STNBCO2,STNBCH4,STNBN2O,STNBHG,STGENACL,STGENAOL,STGENAGS,STGENANC,STGENAHY,STGENABM,STGENAWI,STGENASO,STGENAGT,STGENAOF,STGENAOP,STGENATN,STGENATR,STGENATH,STGENACY,STGENACN,STCLPR,STOLPR,STGSPR,STNCPR,STHYPR,STBMPR,STWIPR,STSOPR,STGTPR,STOFPR,STOPPR,STTNPR,STTRPR,STTHPR,STCYPR,STCNPR
1,AK,02,"2,762.0","55,212,470.1","21,979,611.4","6,928,294.5","2,577,024.1","11,728.39","4,818.86","2,384.25","3,766,232.7","170,189.7","46,156.7","3,775,174.0",N/A,3.3856,3.7399,0.6883,"1,087.20",24.56,6.66,"1,089.78",N/A,0.4248,0.4385,0.0864,136.43,N/A,4.3976,4.8577,0.8940,"1,412.17",31.91,8.65,N/A,6.2822,10.1293,2.3918,4.3976,6.0240,10.2376,2.6417,4.7388,3.5740,2.0779,0.0384,0.8940,"2,165.01","1,397.86","1,271.23","1,412.17",N/A,N/A,0.6168,1.1718,0.2200,0.4248,0.6077,1.1330,0.2280,0.4385,0.3509,0.2404,0.0035,0.0864,212.58,161.70,116.92,136.43,N/A,N/A,8.4473,7.0044,0.5937,"1,387.62",38.61,6.08,N/A,"684,959.2","1,037,761.6","3,608,695.4",0.0,"1,575,045.0","2,565.4","19,268.0",0.0,0.0,0.0,0.0,"5,331,416.1","1,596,878.4","21,833.4","5,333,981.5","1,594,313.0",9.8864,14.9786,52.0863,0.0000,22.7335,0.0370,0.2781,0.0000,0.0000,0.0000,0.0000,76.9513,23.0487,0.3151,76.9884,23.0116
2,AL,01,"36,284.1","940,198,951.5","457,545,013.7","153,105,217.0","69,693,465.6","49,346.43","24,871.13","137,191.46","76,372,600.9","2,944,703.1","2,041,775.6","76,719,995.5",N/A,0.6446,0.7137,1.7921,997.65,19.23,13.34,"1,002.19",N/A,0.1050,0.1087,0.2918,162.46,N/A,0.9415,1.0424,2.6174,"1,457.09",28.09,19.48,N/A,1.6161,23.6582,0.0859,0.9121,1.6960,23.6454,0.0906,0.9623,4.7515,1.5179,0.0045,2.5641,"2,055.18","1,582.18",872.01,"1,510.09",N/A,N/A,0.1554,2.4380,0.0117,0.1015,0.1616,2.4380,0.0122,0.1058,0.4569,0.1564,0.0006,0.2852,197.61,163.04,118.86,167.97,N/A,N/A,1.4089,1.9529,4.8074,"1,585.80",26.47,22.06,N/A,"45,606,920.0","109,583.2","55,705,000.4","40,841,212.0","7,435,223.0","3,229,612.1",0.0,0.0,0.0,"177,666.3",0.0,"142,440,381.8","10,664,835.1","3,229,612.1","104,828,782.0","48,276,435.0",29.7880,0.0716,36.3835,26.6753,4.8563,2.1094,0.0000,0.0000,0.0000,0.1160,0.0000,93.0343,6.9657,2.1094,68.4685,31.5315
3,AR,05,"18,689.2","461,695,316.6","221,026,926.2","65,005,677.9","29,402,200.4","37,359.33","17,430.69","82,001.39","40,020,363.7","1,562,067.5","1,244,521.8","40,229,666.2",N/A,1.1494,1.1857,2.5229,"1,231.29",24.03,19.14,"1,237.73",N/A,0.1618,0.1577,0.3552,173.36,N/A,1.5806,1.6305,3.4694,"1,693.21",33.04,26.33,N/A,2.2787,N/A,0.3026,1.5414,2.3031,N/A,0.3605,1.5104,5.3753,N/A,0.0062,3.3720,"2,276.17",N/A,889.82,"1,758.91",N/A,N/A,0.2099,N/A,0.0404,0.1606,0.2093,N/A,0.0469,0.1566,0.4952,N/A,0.0008,0.3513,209.71,N/A,118.83,183.25,N/A,N/A,1.2484,1.4246,2.4263,"1,414.43",34.79,19.03,N/A,"28,430,929.8","32,559.6","17,117,412.9","15,493,131.0","2,240,882.0","1,660,370.1",0.0,0.0,0.0,"30,392.4",0.0,"61,104,425.8","3,901,252.1","1,660,370.1","47,271,664.9","17,734,013.0",43.7361,0.0501,26.3322,23.8335,3.4472,2.5542,0.0000,0.0000,0.0000,0.0468,0.0000,93.9986,6.0014,2.5542,72.7193,27.2807
4,AZ,04,"35,774.8","670,369,581.0","322,632,308.5","110,614,113.4","52,578,137.4","49,017.27","21,695.77","21,055.10","58,602,854.8","1,724,213.4","1,588,514.7","58,867,178.8",N/A,0.8863,0.8253,0.3807,"1,059.59",15.59,14.36,"1,064.37",N/A,0.1462,0.1345,0.0628,174.84,N/A,1.3869,1.2914,0.5957,"1,658.08",24.39,22.47,N/A,2.2638,10.5909,0.1946,1.3820,2.3038,10.8536,0.1933,1.2467,1.0160,4.8284,0.0299,0.5958,"2,208.70","5,160.18",929.46,"1,663.53",N/A,N/A,0.2113,0.3346,0.0250,0.1459,0.2142,0.3408,0.0246,0.1341,0.0948,0.1526,0.0038,0.0629,206.11,163.04,119.28,175.66,N/A,N/A,0.5677,0.6334,0.2876,"1,112.62",18.89,8.20,N/A,"40,115,665.7","41,911.9","30,295,010.5","31,933,916.0","6,796,379.0","235,028.3","249,411.0","946,791.0",0.0,0.0,0.0,"102,386,504.1","8,227,609.3","1,431,230.3","70,687,616.4","39,926,497.0",36.2663,0.0379,27.3880,28.8697,6.1442,0.2125,0.2255,0.8559,0.0000,0.0000,0.0000,92.5619,7.4381,1.2939,63.9047,36.0953
5,CA,06,"97,737.5","1,022,257,541.8","460,274,489.3","199,189,655.8","91,285,385.3","18,268.77","8,645.91","17,622.66","57,165,609.7","6,596,594.8","894,245.8","57,373,339.8",N/A,0.1834,0.1894,0.1769,573.98,33.12,4.49,576.07,N/A,0.0357,0.0376,0.0345,111.84,N/A,0.2817,0.2909,0.2717,881.45,50.86,6.89,N/A,0.8882,0.9293,0.2177,0.2326,0.9439,0.9522,0.2403,0.2543,10.5614,2.6882,0.0088,0.1495,"1,739.06","1,514.02",888.87,911.46,N/A,N/A,0.1050,0.0928,0.0288,0.0306,0.1066,0.0966,0.0310,0.0326,1.2483,0.2684,0.0012,0.0197,205.56,151.15,118.05,119.82,N/A,N/A,0.2663,0.3311,0.2647,992.89,40.11,5.37,N/A,"1,258,252.6","1,692,979.8","119,645,391.9","18,507,408.0","27,409,558.0","6,273,300.0","9,685,429.0","1,360,235.0","12,518,999.0","180,918.5","657,184.1","141,942,134.8","57,247,520.9","29,837,962.9","129,708,026.8","69,481,629.0",0.6317,0.8499,60.0661,9.2913,13.7605,3.1494,4.8624,0.6829,6.2850,0.0908,0.3299,71.2598,28.7402,14.9797,65.1179,34.8821
6,CO,08,"16,952.1","457,759,946.9","205,706,407.9","52,547,910.6","23,245,124.4","51,081.16","23,006.63","41,588.09","43,843,974.1","1,063,915.8","1,320,662.8","44,059,835.2",N/A,1.9442,1.9795,1.5829,"1,668.72",20.25,25.13,"1,676.94",N/A,0.2232,0.2237,0.1817,191.56,N/A,2.2617,2.3028,1.8414,"1,941.29",23.55,29.24,N/A,2.6085,32.6167,1.0937,2.2674,2.5546,33.2129,1.4310,2.2575,2.3637,6.3412,0.0712,1.8460,"2,229.63","5,640.95",974.23,"1,946.72",N/A,N/A,0.2436,0.9427,0.1330,0.2234,0.2400,0.9438,0.1679,0.2239,0.2207,0.1833,0.0087,0.1819,208.18,163.03,118.51,191.82,N/A,N/A,2.2006,2.4967,1.4730,"1,656.17",22.77,20.42,N/A,"34,521,019.9","11,045.2","10,524,445.0",0.0,"1,252,741.0","57,989.5","5,961,967.0","163,335.0",0.0,0.0,"55,368.0","45,111,878.1","7,436,032.5","6,183,291.5","45,169,867.6","7,378,043.0",65.6944,0.0210,20.0283,0.0000,2.3840,0.1104,11.3458,0.3108,0.0000,0.0000,0.1054,85.8490,14.1510,11.7670,85.9594,14.0406
7,CT,09,"10,902.7","146,138,524.1","66,500,837.4","35,557,337.4","15,682,722.0","4,385.74","2,208.79","19,617.59","9,332,621.5","2,009,867.9","264,162.7","9,394,670.3",N/A,0.2467,0.2817,1.1034,524.93,56.52,7.43,528.42,N/A,0.0600,0.0664,0.2685,127.72,N/A,0.4829,0.5514,2.1600,"1,027.56",110.65,14.54,N/A,2.1404,3.0681,0.1678,0.2030,2.1291,3.0499,0.1800,0.2218,2.9088,2.4344,0.0158,0.0797,"3,146.57","2,230.45",851.59,883.08,N/A,N/A,0.1426,0.2144,0.0234,0.0277,0.1474,0.2141,0.0248,0.0299,0.1937,0.1701,0.0022,0.0109,209.57,155.86,119.00,120.57,N/A,N/A,0.5111,0.9067,0.4159,"1,063.10",95.92,13.35,N/A,"95,875.4","107,534.8","16,538,171.2","17,077,887.0","314,857.0","687,881.4",0.0,0.0,0.0,"735,130.6",0.0,"34,554,599.0","1,002,738.4","687,881.4","18,164,593.4","17,392,744.0",0.2696,0.3024,46.5113,48.0292,0.8855,1.9346,0.0000,0.0000,0.0000,2.0675,0.0000,97.1799,2.8201,1.9346,51.0854,48.9146
8,DC,11,860.8,"692,776.0","372,786.3","71,786.8","36,239.5",45.36,26.97,23.10,"44,221.2","2,367.3",350.4,"44,300.4",N/A,1.2636,1.4885,0.6437,"1,232.02",32.98,4.88,"1,234.22",N/A,0.1309,0.1447,0.0667,127.66,N/A,1.2636,1.4885,0.6437,"1,232.02",32.98,4.88,N/A,N/A,4.4605,0.7820,1.2636,N/A,4.9743,0.7820,1.4885,N/A,4.7228,0.0292,0.6437,N/A,"2,814.90",993.55,"1,232.02",N/A,N/A,N/A,0.2580,0.0920,0.1309,N/A,0.2604,0.0920,0.1447,N/A,0.2732,0.0034,0.0667,N/A,162.83,116.89,127.66,N/A,N/A,2.2217,4.8549,1.8662,"1,706.39",59.24,10.65,N/A,0.0,"9,399.0","62,387.8",0.0,0.0,0.0,0.0,0.0,0.0,0.0,0.0,"71,786.8",0.0,0.0,"71,786.8",0.0,0.0000,13.0929,86.9071,0.0000,0.0000,0.0000,0.0000,0.0000,0.0000,0.0000,0.0000,100.0000,0.0000,0.0000,100.0000,0.0000
9,DE,10,"3,999.4","80,579,254.7","40,475,020.9","8,633,823.3","4,306,143.0","2,412.33","1,264.42","3,279.30","5,424,329.7","184,373.8","78,240.4","5,438,386.9",N/A,0.5588,0.5873,0.7596,"1,256.53",21.35,9.06,"1,259.79",N/A,0.0599,0.0625,0.0814,134.63,N/A,0.5605,0.5890,0.7620,"1,260.35",21.42,9.09,N/A,1.2031,20.8192,0.4310,0.5645,1.1097,13.9596,0.4629,0.5923,4.3408,28.4888,0.0218,0.7674,"2,130.91","11,943.58","1,089.58","1,265.95",N/A,N/A,0.1151,0.2831,0.0473,0.0604,0.1081,0.2173,0.0503,0.0629,0.4152,0.3874,0.0024,0.0821,203.82,162.41,119.53,135.43,N/A,N/A,0.6588,0.8505,1.1803,"1,315.06",21.55,10.23,N/A,"1,422,702.5","265,342.9","6,814,727.2",0.0,0.0,"104,853.6","3,638.0","22,559.0",0.0,0.0,0.0,"8,502,772.6","131,050.6","131,050.6","8,607,626.3","26,197.0",16.4782,3.0733,78.9306,0.0000,0.0000,1.2145,0.0421,0.2613,0.0000,0.0000,0.0000,98.4821,1.5179,1.5179,99.6966,0.3034
10,FL,12,"83,533.4","1,728,428,769.8","826,093,021.9","221,099,929.6","103,843,645.7","72,573.66","35,418.09","142,273.76","125,651,562.0","8,748,624.0","2,690,783.8","126,160,137.9",N/A,0.6565,0.6821,1.2870,"1,136.60",39.57,12.17,"1,141.20",N/A,0.0840,0.0857,0.1646,145.39,N/A,0.7154,0.7434,1.4025,"1,238.64",43.12,13.26,N/A,1.5649,15.0849,0.3580,0.6361,1.6070,20.3413,0.3796,0.6681,3.0785,0.8357,0.1944,0.8567,"2,194.45","3,655.66",905.55,"1,229.16",N/A,N/A,0.1465,0.6698,0.0461,0.0754,0.1516,0.6597,0.0481,0.0784,0.2882,0.0371,0.0250,0.1015,205.41,162.33,122.51,145.63,N/A,N/A,0.9649,1.2301,1.6527,"1,368.86",38.22,14.72,N/A,"44,286,391.4","1,375,873.0","149,699,641.3","17,869,935.0","150,511.0","4,379,283.6",0.0,"193,616.0",0.0,"1,387,796.7","1,756,881.5","216,376,519.0","4,723,410.5","4,572,899.5","202,885,867.6","18,214,062.0",20.0300,0.6223,67.7068,8.0823,0.0681,1.9807,0.0000,0.0876,0.0000,0.6277,0.7946,97.8637,2.1363,2.0683,91.7621,8.2379
11,GA,13,"48,472.3","788,221,699.5","405,866,328.7","122,014,744.3","58,696,076.1","38,558.19","16,537.20","115,772.35","65,893,467.8","2,403,508.2","1,804,357.7","66,198,380.1",N/A,0.6320,0.5635,1.8977,"1,080.09",19.70,14.79,"1,085.09",N/A,0.0978,0.0815,0.2938,167.20,N/A,0.8897,0.7933,2.6715,"1,520.50",27.73,20.82,N/A,1.6189,3.9903,0.1064,0.8803,1.3063,3.9169,0.1229,0.7392,4.9562,29.4244,0.0262,2.6500,"2,298.13","1,114.76",884.05,"1,587.06",N/A,N/A,0.1462,0.7038,0.0143,0.0954,0.1195,0.6979,0.0158,0.0789,0.4475,5.1897,0.0035,0.2873,207.48,196.61,119.10,172.04,N/A,N/A,1.1301,1.2097,3.3859,"1,697.54",27.23,24.44,N/A,"40,715,049.1","380,432.0","42,278,366.1","33,941,634.0","1,398,416.0","3,247,636.6",0.0,"1,547.0",0.0,"51,663.5",0.0,"117,367,144.7","4,647,599.6","3,249,183.6","86,673,147.3","35,341,597.0",33.3690,0.3118,34.6502,27.8176,1.1461,2.6617,0.0000,0.0013,0.0000,0.0423,0.0000,96.1910,3.8090,2.6629,71.0350,28.9650
12,HI,15,"3,081.6","91,564,337.9","38,027,952.1","10,469,268.7","4,408,851.5","15,333.42","6,256.60","25,283.44","7,699,913.5","880,985.7","199,607.3","7,740,103.0",N/A,2.9292,2.8382,4.8300,"1,470.96",84.15,19.07,"1,478.63",N/A,0.3349,0.3291,0.5523,168.19,N/A,3.1580,3.0599,5.2073,"1,585.84",90.72,20.56,N/A,0.9758,3.6081,N/A,3.1582,0.9499,3.5397,N/A,3.0832,10.5067,4.4450,N/A,5.3254,"2,046.37","1,515.20",N/A,"1,599.49",N/A,N/A,0.0980,0.3929,N/A,0.3397,0.0973,0.3884,N/A,0.3347,1.0551,0.4840,N/A,0.5727,205.51,164.98,N/A,172.02,N/A,N/A,2.5679,2.5622,3.9984,"1,385.57",113.01,18.89,N/A,"1,537,340.3","7,529,796.7",0.0,0.0,"114,581.0","286,075.3","378,234.0","4,608.0","260,997.0","357,636.4",0.0,"9,424,773.4","1,044,495.3","929,914.3","9,710,848.7","758,420.0",14.6843,71.9229,0.0000,0.0000,1.0945,2.7325,3.6128,0.0440,2.4930,3.4161,0.0000,90.0232,9.9768,8.8823,92.7557,7.2443
13,IA,19,"18,509.8","390,008,957.0","177,441,191.3","56,602,145.7","24,327,275.9","36,946.08","16,579.87","96,060.26","39,703,157.9","914,611.3","1,301,654.2","39,914,140.8",N/A,1.3055,1.3631,3.3942,"1,402.89",16.16,23.00,"1,410.34",N/A,0.1895,0.1869,0.4926,203.60,N/A,1.9689,2.0558,5.1192,"2,115.82",24.37,34.68,N/A,2.0090,15.1017,0.9368,1.9745,2.0014,14.5065,0.9115,1.9318,5.3792,1.1924,0.0925,5.1337,"2,168.37","2,659.11","1,135.38","2,133.41",N/A,N/A,0.1927,0.9234,0.0980,0.1900,0.1930,0.9011,0.0961,0.1874,0.5159,0.0729,0.0097,0.4939,207.95,162.60,118.77,205.25,N/A,N/A,2.1997,2.2107,6.1135,"2,004.22",23.91,31.62,N/A,"35,331,351.5","106,557.1","1,940,885.6","4,346,995.0","766,191.0","138,152.1","13,959,232.0",0.0,0.0,"12,781.5",0.0,"41,738,570.6","14,863,575.1","14,097,384.1","37,529,727.7","19,072,418.0",62.4205,0.1883,3.4290,7.6799,1.3536,0.2441,24.6620,0.0000,0.0000,0.0226,0.0000,73.7403,26.2597,24.9061,66.3044,33.6956
14,ID,16,"5,388.7","18,695,338.5","8,572,418.4","15,499,089.3","7,419,313.7",649.87,229.16,776.63,"885,058.9","143,366.7","26,625.3","890,691.2",N/A,0.0839,0.0618,0.1002,114.21,9.25,1.72,114.93,N/A,0.0695,0.0535,0.0831,94.68,N/A,0.5012,0.3692,0.5989,682.53,55.28,10.27,N/A,6.0596,32.3356,0.2840,0.4075,6.0598,33.2707,0.2383,0.2870,4.6053,2.2412,0.1307,0.2262,"1,138.51","2,162.49",892.83,898.08,N/A,N/A,1.0945,2.4380,0.0383,0.0552,1.0945,2.4380,0.0306,0.0370,0.8318,0.1690,0.0176,0.0306,205.65,163.04,120.31,121.67,N/A,N/A,0.3930,0.3499,0.5441,750.37,45.67,8.78,N/A,"76,737.2",19.0,"1,898,167.3",0.0,"10,940,404.7","549,267.2","1,890,559.0",0.0,"74,676.0",0.0,"69,259.0","2,044,182.4","13,454,906.9","2,514,502.2","2,593,449.6","12,905,639.8",0.4951,0.0001,12.2470,0.0000,70.5874,3.5439,12.1979,0.0000,0.4818,0.0000,0.4469,13.1890,86.8110,16.2235,16.7329,83.2671
15,IL,17,"59,211.6","989,140,070.9","451,375,789.8","197,522,001.0","84,866,181.0","58,676.99","23,716.72","167,044.47","98,493,066.0","2,284,823.0","3,096,563.1","98,997,023.9",N/A,0.5941,0.5589,1.6914,997.29,11.57,15.68,"1,002.39",N/A,0.1186,0.1051,0.3378,199.15,N/A,1.2579,1.1833,3.5810,"2,111.42",24.49,33.19,N/A,1.2915,26.4013,0.4551,1.2661,1.1699,29.4193,0.4722,1.1313,4.1209,2.7331,0.0227,3.6047,"2,283.70","2,179.79","1,028.45","2,125.43",N/A,N/A,0.1189,1.9566,0.0526,0.1196,0.1064,1.8054,0.0519,0.1059,0.3793,0.2026,0.0026,0.3405,210.18,161.54,118.92,200.74,N/A,N/A,1.1435,1.0297,3.4932,"2,017.78",24.29,30.34,N/A,"80,826,777.6","200,451.7","11,188,974.9","96,401,309.0","111,208.0","615,193.2","7,683,448.0","30,657.0",0.0,"204,498.5","259,483.0","189,081,494.7","8,440,506.2","8,329,298.2","93,295,379.0","104,226,622.0",40.9204,0.1015,5.6647,48.8054,0.0563,0.3115,3.8899,0.0155,0.0000,0.1035,0.1314,95.7268,4.2732,4.2169,47.2329,52.7671
16,IN,18,"37,915.2","1,114,010,384.6","497,073,588.2","114,878,967.3","50,031,384.4","106,788.30","45,383.55","280,009.33","109,335,741.6","2,645,075.2","3,476,021.9","109,902,298.3",N/A,1.8591,1.8142,4.8749,"1,903.49",23.02,30.26,"1,913.36",N/A,0.1917,0.1826,0.5027,196.29,N/A,1.9345,1.8877,5.0724,"1,980.65",23.96,31.48,N/A,2.2385,0.3899,0.1553,1.9231,2.1590,0.4113,0.1885,1.8528,5.9718,0.5080,0.0228,5.0410,"2,170.61","1,471.97",915.98,"1,975.34",N/A,N/A,0.2128,0.0583,0.0202,0.1918,0.2028,0.0612,0.0238,0.1826,0.5677,0.0760,0.0030,0.5027,206.36,220.13,118.86,196.97,N/A,N/A,1.9316,1.9734,6.1896,"1,988.87",24.00,31.13,N/A,"92,644,360.4","1,279,938.4","14,470,905.1",0.0,"433,505.0","336,797.7","3,210,104.0",2.0,0.0,"2,177,124.9","326,229.8","110,898,558.6","3,980,408.7","3,546,903.7","110,404,012.4","3,643,611.0",80.6452,1.1142,12.5967,0.0000,0.3774,0.2932,2.7943,0.0000,0.0000,1.8951,0.2840,96.5351,3.4649,3.0875,96.1046,3.1717
17,KS,20,"15,927.4","352,888,848.6","173,624,869.5","44,286,624.6","21,341,707.3","34,307.96","16,700.91","32,927.81","35,312,851.8","820,114.2","1,113,954.1","35,494,125.9",N/A,1.5494,1.5651,1.4870,"1,594.74",18.52,25.15,"1,602.93",N/A,0.1944,0.1924,0.1866,200.14,N/A,2.2181,2.2407,2.1289,"2,283.10",26.51,36.01,N/A,2.1833,36.8189,2.5394,2.2223,2.1618,32.5766,2.4585,2.2066,2.2808,1.8545,0.6824,2.1329,"2,363.08","2,635.73","1,544.00","2,287.35",N/A,N/A,0.1936,2.0421,0.2006,0.1948,0.1915,1.8630,0.1969,0.1927,0.2022,0.1029,0.0539,0.1870,209.51,146.19,121.95,200.50,N/A,N/A,2.1075,2.5185,1.6309,"2,216.04",27.28,32.37,N/A,"27,982,531.3","34,371.4","2,859,811.9","8,284,924.0","10,399.0","57,347.0","5,057,240.0",0.0,0.0,0.0,0.0,"39,161,638.6","5,124,986.0","5,114,587.0","30,934,061.6","13,352,563.0",63.1851,0.0776,6.4575,18.7075,0.0235,0.1295,11.4193,0.0000,0.0000,0.0000,0.0000,88.4277,11.5723,11.5488,69.8497,30.1503
18,KY,21,"28,259.8","923,144,671.8","415,170,545.6","89,957,452.2","39,692,080.1","80,461.03","36,021.19","186,531.72","93,278,019.4","2,171,107.4","3,115,383.1","93,783,700.4",N/A,1.7889,1.8150,4.1471,"2,073.83",24.13,34.63,"2,085.07",N/A,0.1743,0.1735,0.4041,202.09,N/A,1.8371,1.8640,4.2589,"2,129.74",24.79,35.57,N/A,1.8670,31.5674,0.5003,1.8421,1.8812,31.5723,0.5329,1.8492,4.3496,2.3965,0.0098,4.2687,"2,154.17","2,111.12","1,285.51","2,137.98",N/A,N/A,0.1771,2.4380,0.0462,0.1746,0.1770,2.4380,0.0486,0.1738,0.4125,0.1851,0.0009,0.4046,204.29,163.04,118.69,202.65,N/A,N/A,1.8276,1.9763,4.3556,"1,962.27",23.66,31.92,N/A,"82,760,807.7","1,536,523.6","2,957,384.2",0.0,"2,361,782.0","332,879.5",0.0,0.0,0.0,"8,075.3",0.0,"87,262,790.8","2,694,661.5","332,879.5","87,595,670.2","2,361,782.0",91.9999,1.7081,3.2875,0.0000,2.6254,0.3700,0.0000,0.0000,0.0000,0.0090,0.0000,97.0045,2.9955,0.3700,97.3746,2.6254
19,LA,22,"30,604.9","816,050,783.8","390,180,135.1","103,347,602.4","49,384,922.2","57,596.35","27,903.34","94,601.58","59,664,031.3","2,404,235.3","1,163,119.6","59,869,559.3",N/A,1.1146,1.1300,1.8307,"1,154.63",23.26,11.25,"1,158.61",N/A,0.1412,0.1430,0.2319,146.23,N/A,1.4253,1.4450,2.3410,"1,476.42",29.75,14.39,N/A,1.8487,1.6140,1.1065,1.3348,1.8911,0.7650,1.1328,1.3301,6.4124,8.1298,0.0326,2.0754,"2,239.28","2,274.24","1,030.76","1,411.50",N/A,N/A,0.1677,0.1598,0.1258,0.1409,0.1710,0.1581,0.1282,0.1429,0.5817,0.8048,0.0037,0.2190,203.14,225.13,117.21,148.96,N/A,N/A,1.4355,1.7101,1.3298,"1,398.70",29.36,10.38,N/A,"21,421,868.9","3,029,847.6","58,518,650.1","15,659,132.0","679,944.0","2,430,042.2",0.0,0.0,0.0,"1,329,792.0","278,325.6","100,237,616.2","3,109,986.2","2,430,042.2","80,822,353.8","16,339,076.0",20.7280,2.9317,56.6231,15.1519,0.6579,2.3513,0.0000,0.0000,0.0000,1.2867,0.2693,96.9908,3.0092,2.3513,78.2044,15.8098
20,MA,25,"16,284.9","248,702,937.9","124,835,355.0","36,198,121.5","17,652,965.9","11,083.45","3,206.11","27,474.68","16,287,831.5","2,872,403.6","450,408.3","16,387,805.1",N/A,0.6124,0.3632,1.5180,899.93,79.35,12.44,905.45,N/A,0.0891,0.0514,0.2209,130.98,N/A,0.7485,0.4440,1.8555,"1,100.00",96.99,15.21,N/A,1.3682,4.9739,0.1330,0.2515,1.2102,4.5337,0.1424,0.2302,9.2153,4.4827,0.0119,0.8337,"2,079.14","2,311.09",899.05,"1,006.04",N/A,N/A,0.1301,0.3488,0.0176,0.0321,0.1149,0.3333,0.0189,0.0296,0.8763,0.3144,0.0016,0.1064,197.70,162.07,118.93,128.42,N/A,N/A,0.6819,0.6584,2.4938,"1,189.98",55.46,13.28,N/A,"2,136,922.1","174,493.6","24,672,380.7","5,859,540.0","604,937.1","1,754,561.5","89,673.4","29,614.2",0.0,"875,998.9",0.0,"33,719,335.3","2,478,786.2","1,873,849.1","29,614,356.9","6,583,764.7",5.9034,0.4821,68.1593,16.1874,1.6712,4.8471,0.2477,0.0818,0.0000,2.4200,0.0000,93.1522,6.8478,5.1766,81.8119,18.1881
21,MD,24,"14,595.8","242,687,988.8","128,344,753.1","37,808,347.2","18,175,573.0","17,762.97","8,431.79","33,960.21","22,269,423.2","1,276,615.9","719,514.9","22,394,352.5",N/A,0.9396,0.9278,1.7964,"1,178.02",33.77,19.03,"1,184.62",N/A,0.1464,0.1314,0.2799,183.52,N/A,1.5981,1.5780,3.0554,"2,003.57",57.43,32.37,N/A,1.4644,17.8254,1.6301,1.5395,1.3902,13.8151,1.4134,1.4187,2.7252,77.1465,1.4946,2.4689,"2,105.07","7,764.26","1,623.93","1,978.12",N/A,N/A,0.1414,0.4099,0.1420,0.1436,0.1289,0.4008,0.1229,0.1285,0.2632,1.7738,0.1302,0.2303,203.32,178.53,141.43,184.52,N/A,N/A,1.7825,2.0012,3.0578,"1,990.49",47.48,29.74,N/A,"16,184,773.0","137,304.9","4,944,894.7","13,579,266.0","1,656,539.0","564,278.1","321,687.0","21,077.0",0.0,"398,527.5",0.0,"35,244,766.1","2,563,581.1","907,042.1","22,229,778.2","15,578,569.0",42.8074,0.3632,13.0788,35.9161,4.3814,1.4925,0.8508,0.0557,0.0000,1.0541,0.0000,93.2195,6.7805,2.3991,58.7960,41.2040
22,ME,23,"5,527.8","90,118,939.9","38,873,121.1","14,420,135.4","6,029,171.3","4,536.44","1,581.94","9,937.79","4,056,809.3","1,951,507.9","277,885.7","4,120,372.4",N/A,0.6292,0.5248,1.3783,562.66,135.33,19.27,571.47,N/A,0.1007,0.0814,0.2205,90.03,N/A,0.9249,0.7714,2.0262,827.15,198.95,28.33,N/A,N/A,2.8428,0.3913,0.4135,N/A,2.8467,0.3493,0.3711,N/A,11.0528,0.0259,0.1256,N/A,"2,642.56","1,037.94","1,052.45",N/A,N/A,N/A,0.1889,0.0429,0.0450,N/A,0.1821,0.0392,0.0414,N/A,0.7343,0.0028,0.0137,N/A,175.56,113.70,114.62,N/A,N/A,0.5631,0.4106,1.1113,771.62,105.80,15.02,N/A,"45,257.7","83,765.3","6,043,695.3",0.0,"3,732,604.3","3,218,272.3","878,457.0",0.0,0.0,"328,033.4","90,050.0","6,590,801.8","7,829,333.7","4,096,729.3","9,809,074.1","4,611,061.3",0.3139,0.5809,41.9115,0.0000,25.8847,22.3179,6.0919,0.0000,0.0000,2.2748,0.6245,45.7055,54.2945,28.4098,68.0235,31.9765
23,MI,26,"34,036.7","783,043,434.4","370,652,086.4","108,166,077.4","48,953,482.0","71,122.96","31,489.24","204,752.48","71,154,710.4","3,027,319.3","2,247,953.6","71,534,912.4",N/A,1.3151,1.2865,3.7859,"1,315.66",27.99,20.78,"1,322.69",N/A,0.1817,0.1699,0.5230,181.74,N/A,1.8104,1.7710,5.2118,"1,811.17",38.53,28.61,N/A,2.3235,7.0883,0.4855,1.8090,2.2496,6.4352,0.4810,1.7088,7.3186,30.3167,0.1310,5.3184,"2,258.04","1,537.31",931.90,"1,875.64",N/A,N/A,0.2146,0.9766,0.0621,0.1817,0.2055,0.9712,0.0605,0.1709,0.6758,4.1770,0.0167,0.5342,208.52,211.64,119.12,188.39,N/A,N/A,1.9277,1.9823,5.6659,"1,870.31",34.98,29.26,N/A,"53,136,431.6","325,142.8","21,748,357.9","28,019,714.0","441,574.0","2,660,164.6","1,131,688.0",0.0,0.0,"703,004.6",0.0,"103,932,650.9","4,233,426.6","3,791,852.6","78,573,101.4","29,592,976.0",49.1249,0.3006,20.1064,25.9043,0.4082,2.4593,1.0463,0.0000,0.0000,0.6499,0.0000,96.0862,3.9138,3.5056,72.6412,27.3588
24,MN,27,"18,009.4","334,432,924.0","147,669,235.5","52,193,624.2","22,379,983.3","30,490.58","12,141.84","29,425.86","30,282,137.1","2,382,107.5","1,112,529.7","30,479,565.6",N/A,1.1684,1.0851,1.1276,"1,160.38",45.64,21.32,"1,167.94",N/A,0.1823,0.1644,0.1760,181.10,N/A,1.9013,1.7657,1.8349,"1,888.30",74.27,34.69,N/A,2.1982,17.8106,0.2502,1.7672,2.2846,20.4988,0.2776,1.7143,2.3669,1.7659,0.0089,1.8385,"2,274.99","1,638.56",951.29,"1,984.16",N/A,N/A,0.2009,1.7357,0.0313,0.1719,0.2074,1.7434,0.0335,0.1676,0.2163,0.1721,0.0011,0.1788,208.03,159.68,118.83,192.96,N/A,N/A,1.9248,1.5910,1.7537,"1,622.34",75.97,26.56,N/A,"22,722,774.4","29,593.5","7,088,204.8","11,943,790.0","561,021.5","1,847,874.6","7,615,408.0",0.0,0.0,"261,876.8","123,080.6","42,169,320.1","10,024,304.1","9,463,282.6","32,073,404.7","20,120,219.5",43.5355,0.0567,13.5806,22.8836,1.0749,3.5404,14.5907,0.0000,0.0000,0.5017,0.2358,80.7940,19.2060,18.1311,61.4508,38.5492
25,MO,29,"24,141.3","781,693,746.5","369,083,252.4","91,804,321.4","42,103,670.9","72,777.44","35,742.01","148,577.63","79,170,368.7","1,817,465.0","2,562,970.0","79,586,487.8",N/A,1.5855,1.6978,3.2368,"1,724.76",19.80,27.92,"1,733.83",N/A,0.1862,0.1937,0.3801,202.56,N/A,1.8403,1.9707,3.7570,"2,001.94",22.98,32.40,N/A,1.9509,62.3145,0.3456,1.8414,2.0951,40.1130,0.3730,1.9283,4.0418,15.1169,0.0087,3.7593,"2,081.69","7,176.36",959.11,"2,013.15",N/A,N/A,0.1948,1.4150,0.0428,0.1863,0.2070,1.3843,0.0446,0.1938,0.4035,0.3433,0.0011,0.3804,207.81,162.96,118.78,203.71,N/A,N/A,2.1376,2.4708,4.4586,"1,963.45",23.41,30.09,N/A,"72,775,009.3","67,182.8","6,177,744.5","10,718,329.0","747,713.0","53,800.9","1,244,778.0",0.0,0.0,"19,764.0",0.0,"89,758,029.5","2,046,291.9","1,298,578.9","79,093,501.4","12,710,820.0",79.2719,0.0732,6.7293,11.6752,0.8145,0.0586,1.3559,0.0000,0.0000,0.0215,0.0000,97.7710,2.2290,1.4145,86.1544,13.8456
26,MS,28,"19,469.2","392,585,300.0","196,808,898.7","54,584,295.2","26,312,178.8","20,935.08","11,216.50","39,046.53","26,741,087.0","1,190,006.1","445,222.4","26,822,591.5",N/A,0.7671,0.8526,1.4307,979.81,21.80,8.16,982.80,N/A,0.1067,0.1140,0.1989,136.23,N/A,0.8854,0.9841,1.6514,"1,130.98",25.16,9.42,N/A,2.8653,3.8922,0.5883,0.8775,3.0186,3.9515,0.6408,0.9633,10.3900,2.1253,0.3572,1.6314,"2,491.78","2,047.12",977.37,"1,169.71",N/A,N/A,0.2385,0.3100,0.0751,0.1049,0.2486,0.3100,0.0802,0.1126,0.8648,0.1693,0.0456,0.1949,207.40,163.04,124.68,139.76,N/A,N/A,1.4354,1.7770,2.7879,"1,284.98",24.88,11.55,N/A,"7,211,973.0","17,082.4","38,549,893.0","7,296,134.0",0.0,"1,509,189.9",0.0,0.0,0.0,22.8,0.0,"53,075,105.2","1,509,189.9","1,509,189.9","47,288,161.2","7,296,134.0",13.2125,0.0313,70.6245,13.3667,0.0000,2.7649,0.0000,0.0000,0.0000,0.0000,0.0000,97.2351,2.7649,2.7649,86.6333,13.3667
27,MT,30,"6,693.6","172,291,037.3","58,219,695.0","27,795,017.1","11,079,987.3","18,086.67","6,045.49","25,992.63","17,863,470.4","400,813.4","583,315.9","17,958,092.9",N/A,1.3014,1.0912,1.8703,"1,285.37",14.42,20.99,"1,292.18",N/A,0.2100,0.2077,0.3017,207.36,N/A,2.3705,1.9877,3.4067,"2,341.28",26.27,38.23,N/A,2.5182,1.0100,0.9877,2.4248,2.5489,1.5456,0.9833,2.4386,2.0935,49.8467,0.0089,3.4846,"2,445.27","1,850.30","1,402.73","2,394.83",N/A,N/A,0.2162,0.1228,0.0836,0.2100,0.2150,0.1818,0.0834,0.2077,0.1797,6.0621,0.0008,0.3017,209.93,225.02,118.76,207.36,N/A,N/A,2.8644,2.2281,2.9652,"2,401.42",27.72,37.96,N/A,"13,987,391.6","466,986.3","463,998.3",0.0,"11,283,465.0",0.0,"1,251,985.9",0.0,0.0,0.0,"341,190.0","15,259,566.2","12,535,450.9","1,251,985.9","15,259,566.2","12,535,450.9",50.3234,1.6801,1.6694,0.0000,40.5953,0.0000,4.5044,0.0000,0.0000,0.0000,1.2275,54.9004,45.0996,4.5044,54.9004,45.0996
28,NC,37,"39,312.0","693,049,929.3","338,520,955.0","116,971,226.6","53,386,069.4","48,807.76","23,611.01","60,973.29","61,760,659.6","2,669,867.9","1,970,798.0","62,094,166.9",N/A,0.8345,0.8845,1.0425,"1,056.00",22.82,16.85,"1,061.70",N/A,0.1408,0.1395,0.1760,178.23,N/A,1.3294,1.4091,1.6607,"1,682.19",36.36,26.84,N/A,1.6960,-299.1036,0.3939,1.3256,1.6920,-234.0642,0.5336,1.3486,1.9739,-68.8153,0.7374,1.6211,"2,020.07","-29,548.53","1,057.57","1,745.34",N/A,N/A,0.1713,1.6430,0.0463,0.1395,0.1703,1.6097,0.0574,0.1384,0.1994,0.3780,0.0866,0.1706,204.04,162.31,124.24,183.63,N/A,N/A,1.8482,2.0953,2.9540,"1,876.77",45.95,31.26,N/A,"50,932,179.9","178,260.8","19,302,008.1","39,385,592.0","4,045,467.0","2,564,428.6",0.0,"111,425.0",0.0,"140,831.3","311,034.0","110,249,906.0","6,721,320.6","2,675,853.6","73,428,742.6","43,542,484.0",43.5425,0.1524,16.5015,33.6712,3.4585,2.1924,0.0000,0.0953,0.0000,0.1204,0.2659,94.2539,5.7461,2.2876,62.7750,37.2250
29,ND,38,"7,390.6","308,021,928.9","128,793,698.1","36,125,158.9","14,866,769.3","48,794.93","20,763.77","86,794.80","33,454,500.2","719,669.8","1,074,306.0","33,628,574.2",N/A,2.7014,2.7933,4.8052,"1,852.14",19.92,29.74,"1,861.78",N/A,0.3168,0.3224,0.5636,217.22,N/A,3.4395,3.5565,6.1180,"2,358.16",25.36,37.86,N/A,3.4516,1.5390,N/A,3.4477,3.5088,1.5099,N/A,3.5037,6.1451,0.2038,N/A,6.1328,"2,366.38","1,146.31",N/A,"2,363.85",N/A,N/A,0.3171,0.1849,N/A,0.3169,0.3227,0.1828,N/A,0.3225,0.5645,0.0245,N/A,0.5636,217.38,137.75,N/A,217.25,N/A,N/A,5.2494,5.7169,15.0314,"2,467.31",27.74,39.77,N/A,"28,214,364.2","68,044.9","21,696.7",0.0,"2,477,230.0","5,543.0","5,274,509.0",0.0,0.0,"1,044.2","62,727.0","28,367,876.9","7,757,282.0","5,280,052.0","28,373,419.9","7,751,739.0",78.1017,0.1884,0.0601,0.0000,6.8574,0.0153,14.6007,0.0000,0.0000,0.0029,0.1736,78.5266,21.4734,14.6160,78.5420,21.4580
30,NE,31,"9,084.1","270,920,986.9","116,765,526.6","34,200,814.9","15,059,970.4","28,440.45","11,834.00","63,840.56","28,008,190.7","628,880.0","918,519.8","28,157,164.6",N/A,1.6631,1.5716,3.7333,"1,637.87",18.39,26.86,"1,646.58",N/A,0.2100,0.2027,0.4713,206.76,N/A,2.1983,2.0773,4.9345,"2,164.88",24.30,35.50,N/A,2.2413,25.5769,0.7003,2.2035,2.1989,19.9809,0.6635,2.1111,5.0847,2.0760,0.0214,4.9467,"2,196.40","2,096.30","1,232.58","2,170.22",N/A,N/A,0.2140,1.9726,0.0676,0.2105,0.2114,1.5917,0.0647,0.2032,0.4855,0.1601,0.0021,0.4725,209.73,161.68,119.06,207.28,N/A,N/A,3.2078,3.0938,5.2767,"2,315.61",26.89,36.42,N/A,"25,019,215.6","22,582.7","770,100.4","5,801,578.0","1,257,054.0","63,132.2","1,267,152.0",0.0,0.0,0.0,0.0,"31,613,476.7","2,587,338.2","1,330,284.2","25,875,030.9","8,325,784.0",73.1539,0.0660,2.2517,16.9633,3.6755,0.1846,3.7050,0.0000,0.0000,0.0000,0.0000,92.4349,7.5651,3.8896,75.6562,24.3438
31,NH,33,"4,720.9","86,908,731.2","37,243,002.8","19,264,434.9","8,221,085.3","3,598.88","1,248.76","3,324.05","4,920,946.3","1,441,319.2","235,472.1","4,972,578.3",N/A,0.3736,0.3038,0.3451,510.88,74.82,12.22,516.24,N/A,0.0828,0.0671,0.0765,113.24,N/A,0.7516,0.6111,0.6942,"1,027.64",150.50,24.59,N/A,3.0919,12.0481,0.0877,0.5220,3.2372,12.0488,0.0933,0.3588,1.6931,31.2078,0.0323,0.2756,"2,353.30","6,118.03",886.93,"1,098.83",N/A,N/A,0.2696,0.3254,0.0118,0.0650,0.2703,0.3255,0.0125,0.0457,0.1476,0.8430,0.0043,0.0343,205.19,165.26,119.02,136.77,N/A,N/A,0.9225,0.7310,0.8270,"1,271.97",36.38,14.04,N/A,"1,267,717.2","21,649.9","7,049,703.7","8,189,181.0","1,289,386.0","1,174,859.5","208,699.0",0.0,0.0,"63,238.7",0.0,"16,591,490.4","2,672,944.5","1,383,558.5","9,577,168.9","9,687,266.0",6.5806,0.1124,36.5944,42.5093,6.6931,6.0986,1.0833,0.0000,0.0000,0.3283,0.0000,86.1250,13.8750,7.1819,49.7142,50.2858
32,NJ,34,"23,680.2","259,579,009.0","140,242,511.9","65,232,564.1","31,693,909.2","6,494.48","3,744.45","12,195.68","16,860,463.9","1,436,774.7","287,520.8","16,920,115.8",N/A,0.1991,0.2363,0.3739,516.93,22.03,4.41,518.76,N/A,0.0500,0.0534,0.0940,129.91,N/A,0.4060,0.4818,0.7624,"1,054.02",44.91,8.99,N/A,1.3453,1.0469,0.2398,0.3487,1.3381,1.1223,0.2620,0.3906,1.7404,0.1067,0.0064,0.1563,"1,891.14","2,013.04",898.99,"1,003.70",N/A,N/A,0.1252,0.0775,0.0316,0.0438,0.1250,0.0847,0.0344,0.0486,0.1620,0.0079,0.0008,0.0197,176.02,148.97,118.64,126.18,N/A,N/A,0.4678,0.6954,0.4306,"1,061.92",25.79,7.67,N/A,"1,897,474.9","320,377.2","28,284,904.5","33,110,224.0","-155,421.0","983,045.9","11,568.0","273,482.2",0.0,"506,908.4",0.0,"64,119,889.0","1,112,675.2","1,268,096.2","31,992,710.9","33,239,853.2",2.9088,0.4911,43.3601,50.7572,-0.2383,1.5070,0.0177,0.4192,0.0000,0.7771,0.0000,98.2943,1.7057,1.9440,49.0441,50.9559
33,NM,35,"9,965.1","344,387,639.5","161,225,768.7","36,635,909.3","16,583,901.4","60,305.34","27,327.22","16,564.06","32,310,828.2","800,732.6","952,779.6","32,466,916.7",N/A,3.2921,3.2956,0.9043,"1,763.89",21.86,26.01,"1,772.41",N/A,0.3502,0.3390,0.0962,187.64,N/A,3.5627,3.5665,0.9786,"1,908.86",23.65,28.14,N/A,4.5768,42.7588,0.6570,3.5627,4.5832,45.0656,0.7056,3.5104,1.3180,3.5784,0.0061,0.9786,"2,214.02","2,859.56","1,034.47","1,908.86",N/A,N/A,0.4286,2.4380,0.0753,0.3502,0.4209,2.4380,0.0787,0.3390,0.1234,0.2040,0.0007,0.0962,207.33,163.04,118.59,187.64,N/A,N/A,2.6490,3.0020,0.6448,"1,682.10",23.16,20.58,N/A,"24,994,048.8","46,148.9","8,799,041.3",0.0,"222,819.0","14,266.3","2,225,788.0","333,797.0",0.0,0.0,0.0,"33,839,239.0","2,796,670.3","2,573,851.3","33,853,505.3","2,782,404.0",68.2228,0.1260,24.0175,0.0000,0.6082,0.0389,6.0754,0.9111,0.0000,0.0000,0.0000,92.3663,7.6337,7.0255,92.4053,7.5947
34,NV,32,"17,929.0","237,416,383.8","117,896,225.0","35,142,774.0","17,191,094.3","9,756.65","5,038.84","4,876.18","16,119,342.4","551,201.7","201,328.5","16,156,336.0",N/A,0.5553,0.5862,0.2775,917.36,15.68,5.73,919.47,N/A,0.0822,0.0855,0.0411,135.79,N/A,0.6552,0.6917,0.3274,"1,082.45",18.51,6.76,N/A,2.0916,-1.4678,0.4241,0.6559,2.2026,-1.4413,0.4650,0.6841,2.2452,-0.1471,0.0072,0.3181,"2,274.60",-98.16,889.44,"1,081.91",N/A,N/A,0.1927,2.4380,0.0565,0.0823,0.2071,2.4380,0.0611,0.0856,0.2069,0.2444,0.0010,0.0399,209.60,163.04,118.47,135.70,N/A,N/A,0.9623,1.1531,0.5261,"1,205.55",19.60,9.33,N/A,"4,079,431.7","18,874.7","25,646,658.3",0.0,"2,440,415.0","18,961.0","128,788.0","451,295.0","2,339,097.0","7,324.2","11,929.0","29,764,218.0","5,378,556.0","2,938,141.0","29,783,179.0","5,359,595.0",11.6082,0.0537,72.9785,0.0000,6.9443,0.0540,0.3665,1.2842,6.6560,0.0208,0.0339,84.6951,15.3049,8.3606,84.7491,15.2509
35,NY,36,"48,055.8","626,602,859.3","312,775,128.3","135,662,526.5","61,229,371.9","23,118.18","11,030.94","34,220.30","38,169,117.1","3,324,160.7","561,770.0","38,289,788.0",N/A,0.3408,0.3603,0.5045,562.71,24.50,4.14,564.49,N/A,0.0738,0.0705,0.1092,121.83,N/A,0.6829,0.7219,1.0108,"1,127.43",49.09,8.30,N/A,2.8713,4.3828,0.3905,0.5815,2.5660,4.5176,0.4066,0.5772,7.6875,4.5387,0.0430,0.6033,"2,126.84","2,121.50","1,026.44","1,151.68",N/A,N/A,0.2782,0.3298,0.0433,0.0637,0.2486,0.3262,0.0452,0.0634,0.7448,0.3415,0.0048,0.0661,206.07,159.65,113.74,126.11,N/A,N/A,0.9192,1.2257,1.3154,"1,222.80",33.36,8.17,N/A,"4,551,039.1","580,248.1","59,462,256.1","40,774,560.0","24,150,828.0","2,179,706.9","2,974,614.7","52,713.0",0.0,"936,560.5",0.0,"106,304,663.8","29,357,862.6","5,207,034.6","67,709,810.8","67,952,715.7",3.3547,0.4277,43.8310,30.0559,17.8021,1.6067,2.1927,0.0389,0.0000,0.6904,0.0000,78.3596,21.6404,3.8382,49.9105,50.0895
36,OH,39,"39,660.3","1,102,935,989.6","508,904,734.1","129,741,418.3","57,367,098.9","87,353.25","40,997.48","348,748.84","104,821,036.4","2,645,130.3","3,182,766.7","105,342,121.2",N/A,1.3466,1.4293,5.3761,"1,615.85",20.39,24.53,"1,623.88",N/A,0.1584,0.1611,0.6324,190.08,N/A,1.5708,1.6673,6.2712,"1,884.89",23.78,28.62,N/A,1.9130,2.2210,0.1395,1.5697,1.9669,2.6555,0.1821,1.6327,7.9716,6.2947,0.0058,6.2498,"2,120.75","3,226.02",991.97,"1,898.50",N/A,N/A,0.1875,0.1460,0.0167,0.1584,0.1921,0.1806,0.0197,0.1612,0.7813,0.4138,0.0007,0.6306,207.85,212.10,118.80,191.56,N/A,N/A,1.7102,1.9424,7.7580,"1,607.47",19.94,24.66,N/A,"85,588,636.4","1,281,953.1","22,664,563.6","17,086,998.0","414,161.0","716,500.2","985,485.0","32,324.0",0.0,"970,796.9",0.0,"127,592,948.1","2,148,470.2","1,734,309.2","111,222,450.3","18,518,968.0",65.9686,0.9881,17.4690,13.1700,0.3192,0.5523,0.7596,0.0249,0.0000,0.7483,0.0000,98.3440,1.6560,1.3367,85.7262,14.2738
37,OK,40,"25,816.9","655,725,199.8","339,105,875.3","77,757,667.7","38,568,958.7","68,415.01","33,251.21","78,711.17","53,328,418.3","1,589,071.8","1,225,751.6","53,535,095.1",N/A,1.7597,1.7242,2.0245,"1,371.66",20.44,15.76,"1,376.97",N/A,0.2087,0.1961,0.2401,162.65,N/A,1.9915,1.9513,2.2912,"1,552.31",23.13,17.84,N/A,3.1609,28.5842,0.9423,1.9991,2.9274,28.0297,1.0424,1.8789,4.8081,1.7670,0.0062,2.2923,"2,175.34","1,977.42","1,002.19","1,560.73",N/A,N/A,0.2925,2.2270,0.1117,0.2090,0.2722,2.2002,0.1208,0.1963,0.4449,0.1377,0.0007,0.2396,201.28,154.06,118.78,163.16,N/A,N/A,2.0168,2.6444,1.6495,"1,466.53",23.50,13.89,N/A,"29,301,757.5","10,693.5","39,022,848.6",0.0,"1,028,804.0","363,487.8","8,020,367.0",0.0,0.0,"9,709.3",0.0,"68,345,008.9","9,412,658.8","8,383,854.8","68,708,496.7","9,049,171.0",37.6834,0.0138,50.1852,0.0000,1.3231,0.4675,10.3146,0.0000,0.0000,0.0125,0.0000,87.8949,12.1051,10.7820,88.3623,11.6377
38,OR,41,"18,972.1","124,560,183.5","38,163,661.4","60,612,559.4","24,166,414.8","4,522.92","1,369.86","14,399.06","7,896,254.3","665,314.4","186,427.9","7,932,136.4",N/A,0.1492,0.1134,0.4751,260.55,10.98,3.08,261.73,N/A,0.0726,0.0718,0.2312,126.79,N/A,0.5972,0.4537,1.9012,"1,042.62",43.92,12.31,N/A,2.0481,N/A,0.1331,0.4870,1.9803,N/A,0.1530,0.4673,8.6833,N/A,0.0073,1.6105,"2,079.53",N/A,845.64,"1,073.65",N/A,N/A,0.2066,N/A,0.0186,0.0636,0.1945,N/A,0.0210,0.0601,0.8759,N/A,0.0010,0.2104,209.76,N/A,118.38,140.25,N/A,N/A,0.6376,0.5269,1.9016,"1,040.99",47.48,13.61,N/A,"2,634,334.5","5,925.0","11,624,679.2",0.0,"39,407,149.0","841,357.0","6,035,761.0","6,412.0","16,241.0","40,700.6",0.0,"14,305,639.4","46,306,920.0","6,899,771.0","15,146,996.4","45,465,563.0",4.3462,0.0098,19.1787,0.0000,65.0148,1.3881,9.9579,0.0106,0.0268,0.0671,0.0000,23.6018,76.3982,11.3834,24.9899,75.0101
39,PA,42,"54,685.0","1,339,016,860.5","608,470,750.5","223,416,431.4","96,651,089.5","133,396.37","63,111.56","279,451.59","118,496,909.6","5,293,017.5","3,486,416.1","119,092,738.2",N/A,1.1942,1.3060,2.5016,"1,060.77",23.69,15.61,"1,066.11",N/A,0.1992,0.2074,0.4174,176.99,N/A,1.8491,2.0222,3.8736,"1,642.53",36.68,24.16,N/A,2.8315,4.0213,0.1606,1.8247,2.9457,6.3668,0.2001,1.9272,5.7084,0.8517,0.0159,3.5478,"2,075.36","2,313.74",908.30,"1,624.04",N/A,N/A,0.2813,0.2667,0.0211,0.1994,0.2905,0.3617,0.0259,0.2083,0.5672,0.0565,0.0021,0.3878,206.21,153.43,119.09,177.50,N/A,N/A,2.0910,2.5526,4.9645,"1,592.14",28.06,22.76,N/A,"87,148,205.0","360,589.3","53,063,084.1","75,174,408.0","1,798,553.0","2,327,352.5","2,128,658.0","28,863.0",0.0,"1,386,718.6",0.0,"217,133,004.9","6,283,426.5","4,484,873.5","144,285,949.4","79,130,482.0",39.0071,0.1614,23.7508,33.6477,0.8050,1.0417,0.9528,0.0129,0.0000,0.6207,0.0000,97.1876,2.8124,2.0074,64.5816,35.4184
40,RI,44,"2,052.2","64,577,922.1","32,002,765.1","8,309,035.9","4,060,637.4",762.17,380.09,35.62,"3,768,286.1","148,274.5","14,973.0","3,772,163.8",N/A,0.1835,0.1872,0.0086,907.03,17.84,1.80,907.97,N/A,0.0236,0.0238,0.0011,116.71,N/A,0.1836,0.1873,0.0086,907.65,17.86,1.80,N/A,N/A,21.5653,0.1583,0.1858,N/A,21.5664,0.1592,0.1893,N/A,2.7841,0.0051,0.0087,N/A,"2,596.84",916.61,918.77,N/A,N/A,N/A,1.3540,0.0205,0.0240,N/A,1.3540,0.0203,0.0241,N/A,0.1748,0.0007,0.0011,N/A,163.04,118.75,118.87,N/A,N/A,0.2275,0.2402,0.0129,915.14,18.09,1.84,N/A,0.0,"17,874.2","8,185,000.6",0.0,"4,266.0","100,515.0","1,380.0",0.0,0.0,0.0,0.0,"8,202,874.9","106,161.0","101,895.0","8,303,389.9","5,646.0",0.0000,0.2151,98.5072,0.0000,0.0513,1.2097,0.0166,0.0000,0.0000,0.0000,0.0000,98.7223,1.2777,1.2263,99.9320,0.0680
41,SC,45,"26,596.0","436,320,176.5","202,323,523.0","96,755,682.3","44,036,780.0","21,243.79","9,568.15","54,472.96","37,176,847.9","1,684,240.0","1,197,347.9","37,380,121.3",N/A,0.4391,0.4346,1.1260,768.47,17.41,12.37,772.67,N/A,0.0974,0.0946,0.2497,170.41,N/A,0.9424,0.9326,2.4164,"1,649.15",37.36,26.56,N/A,1.1742,120.6561,0.2667,0.8668,1.1586,127.0810,0.2790,0.8640,3.1744,29.7950,0.3445,2.2223,"2,128.31","13,174.56",970.65,"1,733.24",N/A,N/A,0.1127,1.4932,0.0332,0.0903,0.1101,1.4508,0.0336,0.0884,0.3048,0.3687,0.0429,0.2315,204.35,163.04,120.93,180.55,N/A,N/A,1.3986,1.4913,4.3527,"1,757.90",44.83,30.57,N/A,"28,396,145.2","108,399.0","14,331,878.9","51,145,302.0","524,239.0","2,143,472.6",0.0,0.0,0.0,"106,245.6",0.0,"94,087,970.7","2,667,711.6","2,143,472.6","45,086,141.3","51,669,541.0",29.3483,0.1120,14.8124,52.8603,0.5418,2.2153,0.0000,0.0000,0.0000,0.1098,0.0000,97.2428,2.7572,2.2153,46.5979,53.4021
42,SD,46,"4,432.9","33,058,791.5","14,821,756.0","12,017,722.0","5,502,070.9","10,849.69","4,559.75","12,403.15","3,358,271.8","77,327.0","107,308.6","3,375,716.5",N/A,1.8056,1.6575,2.0641,558.89,6.43,8.93,561.79,N/A,0.6564,0.6153,0.7504,203.17,N/A,6.9138,6.3465,7.9037,"2,140.00",24.64,34.19,N/A,7.3434,32.8658,0.6407,6.9138,7.1673,11.1110,0.5346,6.3166,8.4738,2.6119,0.0066,7.9037,"2,197.41","5,412.95","1,303.90","2,140.00",N/A,N/A,0.7005,0.9235,0.0585,0.6564,0.6960,0.6882,0.0534,0.6153,0.8083,0.0734,0.0006,0.7504,209.60,152.10,119.07,203.17,N/A,N/A,5.6386,4.4476,6.0542,"2,001.18",26.22,27.10,N/A,"2,918,755.9","5,718.3","214,100.7",0.0,"5,964,481.0",0.0,"2,914,666.0",0.0,0.0,0.0,0.0,"3,138,575.0","8,879,147.0","2,914,666.0","3,138,575.0","8,879,147.0",24.2871,0.0476,1.7815,0.0000,49.6307,0.0000,24.2531,0.0000,0.0000,0.0000,0.0000,26.1162,73.8838,24.2531,26.1162,73.8838
43,TN,47,"25,710.6","440,443,036.0","220,682,390.5","77,385,936.5","36,276,408.4","23,869.57","11,456.37","69,210.21","42,463,377.1","1,126,716.7","1,342,973.9","42,683,368.6",N/A,0.6169,0.6316,1.7887,"1,097.44",14.56,17.35,"1,103.13",N/A,0.1084,0.1038,0.3143,192.82,N/A,1.0745,1.1001,3.1155,"1,911.48",25.36,30.23,N/A,1.2498,26.5133,0.3467,1.0790,1.1945,26.5916,0.4424,1.0351,3.6160,1.6699,1.0668,3.1338,"2,163.46","1,773.11","1,014.76","1,946.19",N/A,N/A,0.1192,2.4380,0.0441,0.1081,0.1138,2.4380,0.0543,0.1035,0.3450,0.1536,0.1357,0.3138,206.41,163.04,129.07,194.89,N/A,N/A,0.8997,1.2182,2.7692,"1,632.16",20.44,25.36,N/A,"35,419,309.1","144,479.8","8,075,159.5","25,102,101.0","7,806,577.0","776,782.6","47,492.0",0.0,0.0,"14,035.5",0.0,"68,755,084.9","8,630,851.6","824,274.6","44,429,766.5","32,956,170.0",45.7697,0.1867,10.4349,32.4375,10.0878,1.0038,0.0614,0.0000,0.0000,0.0181,0.0000,88.8470,11.1530,1.0651,57.4132,42.5868
44,TX,48,"135,365.8","3,173,156,987.6","1,564,526,492.7","429,697,350.7","205,447,954.4","150,149.67","70,889.70","410,195.38","258,352,875.5","7,671,865.4","5,623,891.9","259,305,005.5",N/A,0.6989,0.6901,1.9092,"1,202.49",17.85,13.09,"1,206.92",N/A,0.0946,0.0906,0.2585,162.84,N/A,0.8375,0.8270,2.2880,"1,441.06",21.40,15.68,N/A,1.3984,4.6569,0.4459,0.8387,1.3493,4.8510,0.4528,0.8108,4.8545,82.3796,0.0095,2.2941,"2,234.08","3,134.48",927.86,"1,449.60",N/A,N/A,0.1340,0.3084,0.0573,0.0947,0.1278,0.3242,0.0572,0.0906,0.4651,5.4561,0.0012,0.2590,214.06,207.60,119.19,163.68,N/A,N/A,0.8166,0.9587,1.8520,"1,310.67",22.15,10.67,N/A,"138,192,432.8","3,814,854.2","213,901,281.8","38,441,017.0","584,474.4","1,684,258.9","31,994,944.0","118,265.0",0.0,"673,259.9","292,562.7","395,315,408.4","34,381,942.3","33,797,467.9","358,558,650.3","71,138,700.4",32.1604,0.8878,49.7795,8.9461,0.1360,0.3920,7.4459,0.0275,0.0000,0.1567,0.0681,91.9986,8.0014,7.8654,83.4445,16.5555
45,UT,49,"8,826.7","370,598,739.8","164,276,334.7","39,400,420.8","17,327,101.3","51,961.45","22,287.72","23,116.61","35,475,233.4","871,733.2","1,103,711.6","35,655,461.9",N/A,2.6376,2.5726,1.1734,"1,800.75",22.12,28.01,"1,809.90",N/A,0.2804,0.2713,0.1248,191.45,N/A,2.7630,2.6949,1.2292,"1,886.36",23.18,29.34,N/A,3.2377,19.9236,0.4576,2.7641,3.1810,19.6834,0.4903,2.6983,1.4714,1.3700,0.0092,1.2186,"2,067.39","1,420.59","1,033.51","1,888.39",N/A,N/A,0.3210,2.0624,0.0525,0.2807,0.3138,2.0371,0.0543,0.2715,0.1459,0.1418,0.0011,0.1237,204.97,147.05,118.59,191.74,N/A,N/A,2.0693,2.3852,0.6286,"1,607.73",22.70,19.86,N/A,"30,799,120.5","43,717.9","6,577,064.0",0.0,"747,786.0","59,716.3","703,911.0","1,619.0","334,638.0","4,460.1","128,388.0","37,552,750.5","1,847,670.3","1,099,884.3","37,612,466.8","1,787,954.0",78.1695,0.1110,16.6929,0.0000,1.8979,0.1516,1.7866,0.0041,0.8493,0.0113,0.3259,95.3105,4.6895,2.7916,95.4621,4.5379
46,VA,51,"29,875.0","384,526,861.2","195,229,529.3","70,739,234.7","33,133,544.6","24,925.47","12,319.67","41,121.56","28,892,649.6","2,438,306.3","811,218.6","29,043,990.7",N/A,0.7047,0.7436,1.1626,816.88,34.47,11.47,821.16,N/A,0.1296,0.1262,0.2139,150.28,N/A,1.1775,1.2425,1.9426,"1,364.87",57.59,19.16,N/A,2.1917,2.3155,0.2207,1.0893,2.2035,2.6293,0.2652,1.1005,3.7696,0.1583,0.0332,1.6721,"1,932.48","1,726.35",937.99,"1,375.70",N/A,N/A,0.2184,0.2178,0.0279,0.1231,0.2119,0.2415,0.0324,0.1205,0.3756,0.0149,0.0042,0.1890,192.53,162.35,118.60,155.48,N/A,N/A,1.6642,2.0303,3.5174,"1,705.72",71.43,27.45,N/A,"14,180,795.2","363,967.5","25,037,749.0","28,723,390.0","-321,800.0","2,372,689.1",0.0,0.0,0.0,"382,443.9",0.0,"68,688,345.6","2,050,889.1","2,372,689.1","42,337,644.7","28,401,590.0",20.0466,0.5145,35.3944,40.6046,-0.4549,3.3541,0.0000,0.0000,0.0000,0.5406,0.0000,97.1008,2.8992,3.3541,59.8503,40.1497
47,VT,50,"1,276.0","5,301,223.5","2,165,657.7","6,568,121.0","2,528,872.3",196.71,101.11,60.10,"13,780.1","341,084.3","45,542.0","24,420.5",N/A,0.0599,0.0800,0.0183,4.20,51.93,6.93,7.44,N/A,0.0742,0.0934,0.0227,5.20,N/A,1.0954,1.4623,0.3346,76.73,949.66,126.80,N/A,N/A,5.2581,N/A,5.2581,N/A,6.2922,N/A,6.2922,N/A,2.7070,N/A,2.7070,N/A,"3,019.14",N/A,"3,019.14",N/A,N/A,N/A,0.2829,N/A,0.2829,N/A,0.2759,N/A,0.2759,N/A,0.1456,N/A,0.1456,N/A,162.42,N/A,162.42,N/A,N/A,1.4023,1.6358,0.4984,130.91,"1,067.59",142.67,N/A,0.0,"3,419.8","2,538.8","4,989,338.0","1,109,205.0","353,207.5","106,897.0","3,515.0",0.0,0.0,0.0,"4,995,296.5","1,572,824.5","463,619.5","359,166.0","6,208,955.0",0.0000,0.0521,0.0387,75.9629,16.8877,5.3776,1.6275,0.0535,0.0000,0.0000,0.0000,76.0537,23.9463,7.0586,5.4683,94.5317
48,WA,53,"32,149.1","102,619,941.3","37,552,063.5","116,834,423.7","52,860,649.0","6,848.53","2,434.22","6,357.58","7,342,211.5","892,265.5","280,845.7","7,394,968.1",N/A,0.1172,0.0921,0.1088,125.69,7.64,2.40,126.59,N/A,0.1335,0.1296,0.1239,143.10,N/A,1.2022,0.9445,1.1160,"1,288.86",78.31,24.65,N/A,2.4892,26.1738,0.3200,1.1718,2.5111,26.1442,0.3333,1.1224,0.6574,0.6594,0.0109,0.2646,"2,431.88","1,750.41",854.99,"1,481.43",N/A,N/A,0.2126,2.4380,0.0444,0.1305,0.2108,2.4380,0.0462,0.1259,0.0562,0.0614,0.0015,0.0295,207.72,163.04,118.53,165.03,N/A,N/A,1.2576,1.0601,0.7389,"1,463.08",53.39,23.10,N/A,"3,762,956.9","432,049.3","5,437,592.5","9,333,709.0","89,507,906.0","1,616,174.0","6,598,716.0",794.0,0.0,"66,361.0","78,165.0","19,110,833.7","97,723,590.0","8,215,684.0","11,393,298.7","105,441,125.0",3.2208,0.3698,4.6541,7.9888,76.6109,1.3833,5.6479,0.0007,0.0000,0.0568,0.0669,16.3572,83.6428,7.0319,9.7517,90.2483
49,WI,55,"21,870.5","469,822,851.8","225,613,046.3","63,742,909.9","29,459,027.2","27,372.34","12,922.98","71,901.90","43,242,292.9","1,807,488.0","1,401,191.1","43,478,456.1",N/A,0.8588,0.8774,2.2560,"1,356.77",28.36,21.98,"1,364.18",N/A,0.1165,0.1146,0.3061,184.08,N/A,1.1808,1.2062,3.1017,"1,865.36",38.99,30.22,N/A,1.4618,1.6020,0.2454,1.1544,1.4699,1.5002,0.3159,1.1426,4.1887,3.0831,0.0110,3.1301,"2,280.70","1,682.18",892.41,"1,928.49",N/A,N/A,0.1336,0.1513,0.0327,0.1146,0.1336,0.1469,0.0403,0.1131,0.3828,0.2912,0.0015,0.3108,208.46,158.91,118.83,191.46,N/A,N/A,1.1265,1.2097,2.3270,"1,797.78",41.65,28.20,N/A,"32,758,435.1","317,567.7","11,542,006.7","14,299,595.0","1,522,235.0","1,668,526.8","1,557,578.0",0.0,0.0,"44,716.5","32,249.0","58,994,570.1","4,748,339.8","3,226,104.8","46,363,501.9","17,379,408.0",51.3915,0.4982,18.1071,22.4332,2.3881,2.6176,2.4435,0.0000,0.0000,0.0702,0.0506,92.5508,7.4492,5.0611,72.7352,27.2648
50,WV,54,"18,416.3","697,859,770.0","314,612,828.6","73,413,404.2","32,096,495.8","50,578.41","23,312.06","88,849.23","72,352,646.6","1,622,530.6","2,427,499.4","72,745,945.5",N/A,1.3779,1.4526,2.4205,"1,971.10",22.10,33.07,"1,981.82",N/A,0.1450,0.1482,0.2546,207.36,N/A,1.4309,1.5085,2.5136,"2,046.87",22.95,34.34,N/A,1.4328,N/A,0.6833,1.4311,1.4922,N/A,0.6501,1.4890,2.5198,N/A,0.0116,2.5139,"2,048.73",N/A,"1,385.75","2,047.17",N/A,N/A,0.1452,N/A,0.0584,0.1450,0.1486,N/A,0.0554,0.1482,0.2554,N/A,0.0010,0.2547,207.64,N/A,118.41,207.39,N/A,N/A,1.3558,1.5403,3.3535,"1,756.37",19.71,29.36,N/A,"70,267,428.1","143,448.4","242,894.2",0.0,"1,431,440.0","10,539.0","1,286,024.0",0.0,0.0,"31,630.6",0.0,"70,685,401.3","2,728,003.0","1,296,563.0","70,695,940.2","2,717,464.0",95.7147,0.1954,0.3309,0.0000,1.9498,0.0144,1.7518,0.0000,0.0000,0.0431,0.0000,96.2841,3.7159,1.7661,96.2984,3.7016
51,WY,56,"9,925.5","500,047,260.6","202,355,313.3","49,588,606.1","19,819,330.5","49,592.64","19,613.45","50,386.32","52,023,827.5","1,159,613.9","1,719,605.7","52,302,542.3",N/A,2.0002,1.9792,2.0322,"2,098.22",23.38,34.68,"2,109.46",N/A,0.1984,0.1939,0.2015,208.08,N/A,2.2376,2.2142,2.2734,"2,347.33",26.16,38.79,N/A,2.2515,3.1678,1.5372,2.2405,2.1876,3.6110,1.5503,2.1792,2.3134,0.1362,0.0545,2.2774,"2,377.83",941.71,679.21,"2,350.79",N/A,N/A,0.1984,0.4990,0.2647,0.1990,0.1939,0.5616,0.2562,0.1944,0.2039,0.0215,0.0094,0.2023,209.53,148.35,116.96,208.78,N/A,N/A,2.3331,2.0994,2.4603,"2,351.60",26.28,38.71,N/A,"43,411,766.0","62,641.6","512,914.8",0.0,"893,470.0",0.0,"4,369,107.0",0.0,0.0,"271,710.9","66,995.8","44,326,029.1","5,262,577.0","4,369,107.0","44,326,029.1","5,262,577.0",87.5438,0.1263,1.0343,0.0000,1.8018,0.0000,8.8107,0.0000,0.0000,0.5479,0.1351,89.3875,10.6125,8.8107,89.3875,10.6125
,,,,,,,,,,,,,,,,,,,,,,,,,,,,,,,,,,,,,,,,,,,,,,,,,,,,,,,,,,,,,,,,,,,,,,,,,,,,,,,,,,,,,,,,,,,,,,,,,,,,,,,,,,,,,,
,,,,,,,,,,,,,,,,,,,,,,,,,,,,,,,,,,,,,,,,,,,,,,,,,,,,,,,,,,,,,,,,,,,,,,,,,,,,,,,,,,,,,,,,,,,,,,,,,,,,,,,,,,,,,,