eGRID2007 Version 1.1 State File (Year 2005 Data),,,,,,,,,,,,,,,,,,,,,,,,,,,,,,,,,,,,,,,,,,,,,,,,,,,,,,,,,,,,,,,,,,,,,,,,,,,,,,,,,,,,,,,,,,,,,,,,,,,,,,,,,,,,,,,,,,,,,,,,,,,,,,,,,,,,,,,,,,,,,,,,,
This state-level file has 51 records and 109 data elements.,,,,,,,,,,,,,,,,,,,,,,,,,,,,,,,,,,,,,,,,,,,,,,,,,,,,,,,,,,,,,,,,,,,,,,,,,,,,,,,,,,,,,,,,,,,,,,,,,,,,,,,,,,,,,,,,,,,,,,,,,,,,,,,,,,,,,,,,,,,,,,,,,
,,,,,,,,,,,,,,,,,,,,,,,,,,,,,,,,,,,,,,,,,,,,,,,,,,,,,,,,,,,,,,,,,,,,,,,,,,,,,,,,,,,,,,,,,,,,,,,,,,,,,,,,,,,,,,,,,,,,,,,,,,,,,,,,,,,,,,,,,,,,,,,,,
eGRID2007 2005 file State sequence number,State abbreviation,FIPS State code,State nameplate capacity (MW),State annual heat input (MMBtu),State ozone season heat input (MMBtu),State annual net generation (MWh),State ozone season net generation (MWh),State annual NOx emissions (tons),State ozone season NOx emissions (tons),State annual SO2 emissions (tons),State annual CO2 emissions (tons),State annual CH4 emissions (lbs),State annual N2O emissions (lbs),State annual Hg emissions (lbs),State annual NOx output emission rate (lb/MWh),State ozone season NOx output emission rate (lb/MWh),State annual SO2 output emission rate (lb/MWh),State annual CO2 output emission rate (lb/MWh),State annual CH4 output emission rate (lb/GWh),State annual N2O output emission rate (lb/GWh),State annual Hg output emission rate (lb/GWh),State annual NOx input emission rate (lb/MMBtu),State ozone season NOx input emission rate (lb/MMBtu),State annual SO2 input emission rate (lb/MMBtu),State annual CO2 input emission rate (lb/MMBtu),State annual Hg input emission rate (lb/BBtu),State annual NOx combustion output emission rate (lb/MWh),State ozone season NOx combustion output emission rate (lb/MWh),State annual SO2 combustion output emission rate (lb/MWh),State annual CO2 combustion output emission rate (lb/MWh),State annual CH4 combustion output emission rate (lb/GWh),State annual N2O combustion output emission rate (lb/GWh),State annual Hg combustion output emission rate (lb/GWh),State coal annual NOx output emission rate (lb/MWh),State oil annual NOx output emission rate (lb/MWh),State gas annual NOx output emission rate (lb/MWh),State fossil fuel annual NOx output emission rate (lb/MWh),State coal ozone season NOx output emission rate (lb/MWh),State oil ozone season NOx output emission rate (lb/MWh),State gas ozone season NOx output emission rate (lb/MWh),State fossil fuel ozone season NOx output emission rate (lb/MWh),State coal annual SO2 output emission rate (lb/MWh),State oil annual SO2 output emission rate (lb/MWh),State gas annual SO2 output emission rate (lb/MWh),State fossil fuel annual SO2 output emission rate (lb/MWh),State coal annual CO2 output emission rate (lb/MWh),State oil annual CO2 output emission rate (lb/MWh),State gas annual CO2 output emission rate (lb/MWh),State fossil fuel annual CO2 output emission rate (lb/MWh),State coal annual Hg output emission rate (lb/GWh),State fossil fuel annual Hg output emission rate (lb/GWh),State coal annual NOx input emission rate (lb/MMBtu),State oil annual NOx input emission rate (lb/MMBtu),State gas annual NOx input emission rate (lb/MMBtu),State fossil fuel annual NOx input emission rate (lb/MMBtu),State coal ozone season NOx input emission rate (lb/MMBtu),State oil ozone season NOx input emission rate (lb/MMBtu),State gas ozone season NOx input emission rate (lb/MMBtu),State fossil fuel ozone season NOx input emission rate (lb/MMBtu),State coal annual SO2 input emission rate (lb/MMBtu),State oil annual SO2 input emission rate (lb/MMBtu),State gas annual SO2 input emission rate (lb/MMBtu),State fossil fuel annual SO2 input emission rate (lb/MMBtu),State coal annual CO2 input emission rate (lb/MMBtu),State oil annual CO2 input emission rate (lb/MMBtu),State gas annual CO2 input emission rate (lb/MMBtu),State fossil fuel annual CO2 input emission rate (lb/MMBtu),State coal annual Hg input emission rate (lb/BBtu),State fossil fuel annual Hg input emission rate (lb/BBtu),State annual non-baseload NOx output emission rate (lb/MWh),State ozone season non-baseload NOx output emission rate (lb/MWh),State annual non-baseload SO2 output emission rate (lb/MWh) ,State annual non-baseload CO2 output emission rate (lb/MWh) ,State annual non-baseload CH4 output emission rate (lb/GWh),State annual non-baseload N2O output emission rate (lb/GWh),State annual non-baseload Hg output emission rate (lb/GWh) ,State annual coal net generation (MWh),State annual oil net generation (MWh),State annual gas net generation (MWh),State annual nuclear net generation (MWh),State annual hydro net generation (MWh),State annual biomass net generation (MWh),State annual wind net generation (MWh),State annual solar net generation (MWh),State annual geothermal net generation (MWh),State annual other fossil net generation (MWh),State annual other unknown/ purchased fuel net generation (MWh),State annual total nonrenewables net generation (MWh),State annual total renewables net generation (MWh),State annual total nonhydro renewables net generation (MWh),State annual total combustion net generation (MWh),State annual total noncombustion net generation (MWh),State coal generation percent (resource mix),State oil generation percent (resource mix),State gas generation percent (resource mix),State nuclear generation percent (resource mix),State hydro generation percent (resource mix),State biomass generation percent (resource mix),State wind generation percent (resource mix),State solar generation percent (resource mix),State geothermal generation percent (resource mix),State other fossil  generation percent (resource mix),State other unknown/ purchased fuel generation percent (resource mix),State total nonrenewables generation percent (resource mix),State total renewables generation percent (resource mix),State total nonhydro renewables generation percent (resource mix),State total combustion generation percent (resource mix),State total noncombustion generation percent (resource mix),,,,,,,,,,,,,,,,,,,,,,,,,,,,,,,,,,,,,
SEQST05,PSTATABB,FIPSST,NAMEPCAP,STHTIAN,STHTIOZ,STNGENAN,STNGENOZ,STNOXAN,STNOXOZ,STSO2AN,STCO2AN,STCH4AN,STN2OAN,STHGAN,STNOXRTA,STNOXRTO,STSO2RTA,STCO2RTA,STCH4RTA,STN2ORTA,STHGRTA,STNOXRA,STNOXRO,STSO2RA,STCO2RA,STHGRA,STNOXCRT,STNOXCRO,STSO2CRT,STCO2CRT,STCH4CRT,STN2OCRT,STHGCRT,STCNOXRT,STONOXRT,STGNOXRT,STFSNXRT,STCNXORT,STONXORT,STGNXORT,STFSNORT,STCSO2RT,STOSO2RT,STGSO2RT,STFSS2RT,STCCO2RT,STOCO2RT,STGCO2RT,STFSC2RT,STCHGRT,STFSHGRT,STCNOXR,STONOXR,STGNOXR,STFSNXR,STCNXOR,STONXOR,STGNXOR,STFSNOR,STCSO2R,STOSO2R,STGSO2R,STFSS2R,STCCO2R,STOCO2R,STGCO2R,STFSC2R,STCHGR,STFSHGR,STNBNOX,STNBNXO,STNBSO2,STNBCO2,STNBCH4,STNBN2O,STNBHG,STGENACL,STGENAOL,STGENAGS,STGENANC,STGENAHY,STGENABM,STGENAWI,STGENASO,STGENAGT,STGENAOF,STGENAOP,STGENATN,STGENATR,STGENATH,STGENACY,STGENACN,STCLPR,STOLPR,STGSPR,STNCPR,STHYPR,STBMPR,STWIPR,STSOPR,STGTPR,STOFPR,STOPPR,STTNPR,STTRPR,STTHPR,STCYPR,STCNPR,,,,,,,,,,,,,,,,,,,,,,,,,,,,,,,,,,,,,
1,AK,02,"2,009.5","53,811,571.9","21,942,460.7","6,576,653.1","2,623,744.3","10,908.68","4,473.51","3,551.84","3,583,598.7","162,166.8","39,690.3",11.01,3.3174,3.4100,1.0801,"1,089.79",24.66,6.04,0.0017,0.4054,0.4077,0.1320,133.19,0.0002,4.2678,4.3869,1.3896,"1,402.00",31.72,7.76,0.0022,5.3261,12.9804,2.2731,4.2551,5.0992,13.6334,2.5248,4.4607,3.2912,6.3433,0.0379,1.3854,"1,854.54","1,646.52","1,268.61","1,397.83",0.0173,0.0021,0.6068,1.2705,0.2096,0.4054,0.6062,1.3140,0.2197,0.4077,0.3749,0.6209,0.0035,0.1320,211.28,161.16,116.97,133.19,0.0020,0.0002,6.0502,5.7625,2.5395,"1,470.56",40.63,8.87,0.0000,"623,129.7","760,114.6","3,723,625.1",0.0,"1,463,940.8","5,254.0",588.9,0.0,0.0,0.0,0.0,"5,106,869.4","1,469,783.7","5,842.9","5,112,123.4","1,464,529.7",9.4749,11.5578,56.6188,0.0000,22.2597,0.0799,0.0090,0.0000,0.0000,0.0000,0.0000,77.6515,22.3485,0.0888,77.7314,22.2686,,,,,,,,,,,,,,,,,,,,,,,,,,,,,,,,,,,,,
2,AL,01,"33,206.2","983,219,196.7","445,960,127.6","137,325,018.7","61,744,352.3","138,269.28","47,105.68","466,164.70","92,043,923.1","3,447,073.9","3,169,994.4","5,460.44",2.0138,1.5258,6.7892,"1,340.53",25.10,23.08,0.0398,0.2813,0.2113,0.9482,187.23,0.0056,2.8961,2.1944,9.7640,"1,927.90",36.10,33.20,0.0572,3.2544,25.3367,0.2195,2.9170,2.4992,25.3357,0.1992,2.1429,11.2982,1.9509,0.0122,10.0049,"2,129.69","1,675.95",955.30,"1,999.16",0.0673,0.0596,0.3098,2.4380,0.0273,0.2844,0.2367,2.4380,0.0256,0.2111,1.0756,0.1877,0.0015,0.9755,202.76,161.27,119.01,194.93,0.0064,0.0058,2.7116,2.0024,9.7110,"1,723.00",41.29,28.23,0.0389,"78,070,315.5","199,465.8","13,864,459.2","31,694,223.0","10,144,580.4","3,220,285.7",0.0,0.0,0.0,"119,297.3","12,391.9","123,960,152.6","13,364,866.1","3,220,285.7","95,486,215.3","41,838,803.4",56.8508,0.1453,10.0961,23.0797,7.3873,2.3450,0.0000,0.0000,0.0000,0.0869,0.0090,90.2677,9.7323,2.3450,69.5330,30.4670,,,,,,,,,,,,,,,,,,,,,,,,,,,,,,,,,,,,,
3,AR,05,"14,609.1","333,208,769.9","157,404,555.3","47,794,506.6","22,605,881.5","38,011.21","16,918.57","71,132.21","29,375,197.8","1,528,239.0","1,065,991.2","1,017.11",1.5906,1.4968,2.9766,"1,229.23",31.98,22.30,0.0213,0.2282,0.2150,0.4270,176.32,0.0031,2.4522,2.3076,4.5889,"1,895.07",49.30,34.38,0.0328,2.9657,27.5972,0.4364,2.4440,3.0640,27.5963,0.4452,2.3109,5.7013,2.0952,0.2373,4.5730,"2,272.37","1,825.47","1,020.15","2,013.80",0.0443,0.0351,0.2678,2.4380,0.0512,0.2317,0.2708,2.4380,0.0493,0.2169,0.5148,0.1851,0.0278,0.4335,205.17,161.27,119.69,190.91,0.0040,0.0033,1.8165,1.5283,3.2639,"1,572.16",45.70,24.18,0.0215,"23,037,139.3","206,674.4","6,007,923.5","13,689,571.0","3,103,217.7","1,734,688.8",0.0,0.0,0.0,"15,291.9",0.0,"42,956,600.0","4,837,906.5","1,734,688.8","31,001,717.9","16,792,788.7",48.2004,0.4324,12.5703,28.6426,6.4928,3.6295,0.0000,0.0000,0.0000,0.0320,0.0000,89.8777,10.1223,3.6295,64.8646,35.1354,,,,,,,,,,,,,,,,,,,,,,,,,,,,,,,,,,,,,
4,AZ,04,"28,727.3","664,635,053.8","316,490,912.6","101,465,934.9","47,744,674.2","81,977.08","36,631.70","53,238.17","58,778,193.0","1,576,157.9","1,616,641.9","1,499.87",1.6159,1.5345,1.0494,"1,158.58",15.53,15.93,0.0148,0.2467,0.2315,0.1602,176.87,0.0023,2.3713,2.2519,1.5400,"1,700.26",22.80,23.38,0.0217,3.8701,1.6175,0.2104,2.3701,3.8633,1.8532,0.1993,2.1873,2.6124,0.0515,0.0048,1.5403,"2,271.30","1,491.49",878.45,"1,700.71",0.0369,0.0217,0.3479,0.1290,0.0285,0.2467,0.3470,0.1456,0.0269,0.2315,0.2348,0.0041,0.0007,0.1603,204.18,118.92,118.80,177.00,0.0033,0.0023,0.9335,0.7728,0.8275,"1,175.38",20.04,9.39,0.0095,"40,143,310.0","43,207.6","28,893,266.3","25,807,446.0","6,504,710.7","60,413.4",0.0,"13,581.0",0.0,0.0,0.0,"94,887,229.9","6,578,705.0","73,994.3","69,140,197.3","32,325,737.6",39.5633,0.0426,28.4758,25.4346,6.4107,0.0595,0.0000,0.0134,0.0000,0.0000,0.0000,93.5163,6.4837,0.0729,68.1413,31.8587,,,,,,,,,,,,,,,,,,,,,,,,,,,,,,,,,,,,,
5,CA,06,"66,022.8","923,806,989.7","427,533,725.4","199,924,749.7","94,616,851.7","22,302.45","10,460.26","13,576.65","53,985,904.8","6,117,976.5","899,178.9",396.02,0.2231,0.2211,0.1358,540.06,30.60,4.50,0.0020,0.0483,0.0489,0.0294,116.88,0.0004,0.4200,0.4162,0.2557,"1,016.69",57.61,8.47,0.0037,0.9806,1.4825,0.3033,0.3504,0.9443,1.5147,0.3180,0.3609,3.0269,7.1744,0.0184,0.2417,"2,314.31","2,261.27",979.51,"1,038.67",0.0025,0.0001,0.0883,0.1353,0.0367,0.0417,0.0879,0.1416,0.0388,0.0434,0.2725,0.6547,0.0022,0.0288,208.35,206.35,118.47,123.65,0.0002,0.0000,0.2817,0.2918,0.0540,"1,061.13",39.98,4.90,0.0020,"1,965,787.5","2,576,183.8","93,376,233.5","36,154,898.0","39,751,649.6","5,814,174.8","4,259,490.6","536,713.3","13,022,636.4","2,259,976.3","207,005.9","136,540,084.9","63,384,664.8","23,633,015.1","106,199,361.7","93,725,388.0",0.9833,1.2886,46.7057,18.0843,19.8833,2.9082,2.1305,0.2685,6.5138,1.1304,0.1035,68.2957,31.7043,11.8210,53.1197,46.8803,,,,,,,,,,,,,,,,,,,,,,,,,,,,,,,,,,,,,
6,CO,08,"12,454.8","500,779,732.5","215,472,102.2","49,632,185.6","21,420,351.0","72,523.23","31,180.47","62,897.66","47,420,655.1","1,165,299.6","1,452,396.6",813.62,2.9224,2.9113,2.5346,"1,910.88",23.48,29.26,0.0164,0.2896,0.2894,0.2512,189.39,0.0016,3.0496,3.0380,2.6448,"1,994.03",24.50,30.54,0.0171,3.9486,36.8046,0.3351,3.0503,3.9611,53.8121,0.3670,3.0441,3.5217,5.5953,0.0070,2.6457,"2,358.23","4,921.46",899.16,"1,994.71",0.0228,0.0171,0.3432,1.2058,0.0443,0.2898,0.3447,1.2154,0.0479,0.2896,0.3061,0.1833,0.0009,0.2513,204.97,161.23,118.74,189.50,0.0020,0.0016,1.9884,2.0014,2.0125,"1,606.13",22.10,20.35,0.0116,"35,570,134.7","17,045.8","11,941,213.3",0.0,"1,293,231.5","34,326.5","776,233.9",0.0,0.0,0.0,0.0,"47,528,393.8","2,103,791.8","810,560.4","47,562,720.3","2,069,465.3",71.6675,0.0343,24.0594,0.0000,2.6056,0.0692,1.5640,0.0000,0.0000,0.0000,0.0000,95.7612,4.2388,1.6331,95.8304,4.1696,,,,,,,,,,,,,,,,,,,,,,,,,,,,,,,,,,,,,
7,CT,09,"8,695.9","173,012,853.1","77,965,698.1","33,549,743.9","14,649,564.5","10,086.99","4,293.69","9,165.89","13,485,688.6","2,274,325.3","457,295.8",530.47,0.6013,0.5862,0.5464,803.92,67.79,13.63,0.0158,0.1166,0.1101,0.1060,155.89,0.0031,1.1521,1.1231,1.0469,"1,540.25",129.88,26.11,0.0303,1.2431,2.2286,0.1196,0.8334,1.1568,2.2416,0.1111,0.7651,1.9790,3.0189,0.0072,1.1322,"2,277.12","1,845.42",886.83,"1,437.37",0.0587,0.0147,0.1119,0.1933,0.0161,0.0901,0.1052,0.1951,0.0149,0.0840,0.1782,0.2618,0.0010,0.1223,205.03,160.06,119.03,155.32,0.0053,0.0016,1.1524,1.6444,1.3674,"1,478.77",77.68,17.37,0.0112,"3,996,491.6","3,156,046.8","8,865,252.2","15,562,122.0","476,545.3","710,947.3",0.0,0.0,0.0,"771,983.0","10,355.7","32,362,251.3","1,187,492.6","710,947.3","17,511,076.6","16,038,667.3",11.9121,9.4071,26.4242,46.3852,1.4204,2.1191,0.0000,0.0000,0.0000,2.3010,0.0309,96.4605,3.5395,2.1191,52.1944,47.8056,,,,,,,,,,,,,,,,,,,,,,,,,,,,,,,,,,,,,
8,DC,11,868.0,"3,400,504.9","2,992,078.5","226,042.0","211,467.0",412.95,364.40,914.34,"274,901.1","23,728.7","4,745.7",N/A,3.6538,3.4464,8.0900,"2,432.30",104.97,21.00,N/A,0.2429,0.2436,0.5378,161.68,N/A,3.6538,3.4464,8.0900,"2,432.30",104.97,21.00,N/A,N/A,3.6538,N/A,3.6538,N/A,3.4464,N/A,3.4464,N/A,8.0900,N/A,8.0900,N/A,"2,432.30",N/A,"2,432.30",N/A,N/A,N/A,0.2429,N/A,0.2429,N/A,0.2436,N/A,0.2436,N/A,0.5378,N/A,0.5378,N/A,161.68,N/A,161.68,N/A,N/A,3.6538,3.4464,8.0900,"2,432.30",104.97,21.00,N/A,0.0,"226,042.0",0.0,0.0,0.0,0.0,0.0,0.0,0.0,0.0,0.0,"226,042.0",0.0,0.0,"226,042.0",0.0,0.0000,100.0000,0.0000,0.0000,0.0000,0.0000,0.0000,0.0000,0.0000,0.0000,0.0000,100.0000,0.0000,0.0000,100.0000,0.0000,,,,,,,,,,,,,,,,,,,,,,,,,,,,,,,,,,,,,
9,DE,10,"3,517.5","95,392,283.9","47,056,158.2","8,136,567.1","3,954,195.9","13,546.31","6,143.41","32,534.86","8,209,955.0","296,927.1","215,766.6",323.84,3.3297,3.1073,7.9972,"2,018.04",36.49,26.52,0.0398,0.2840,0.2611,0.6821,172.13,0.0034,3.3297,3.1073,7.9972,"2,018.04",36.49,26.52,0.0398,3.8785,4.5380,1.0838,3.3297,3.7353,5.2933,0.9958,3.1073,11.3996,10.2671,0.0518,7.9972,"2,190.40","1,919.41",984.35,"2,018.04",0.0585,0.0398,0.3539,0.3849,0.1329,0.2840,0.3335,0.3470,0.1191,0.2611,1.0402,0.8709,0.0064,0.6821,199.88,162.81,120.69,172.13,0.0053,0.0034,3.1048,2.8377,6.8327,"1,947.85",39.23,23.37,0.0324,"4,832,947.6","1,216,422.5","1,590,760.5",0.0,0.0,0.0,0.0,0.0,0.0,"496,436.4",0.0,"8,136,567.1",0.0,0.0,"8,136,567.1",0.0,59.3979,14.9501,19.5508,0.0000,0.0000,0.0000,0.0000,0.0000,0.0000,6.1013,0.0000,100.0000,0.0000,0.0000,100.0000,0.0000,,,,,,,,,,,,,,,,,,,,,,,,,,,,,,,,,,,,,
10,FL,12,"62,446.5","1,788,571,545.7","855,674,056.0","219,845,864.3","105,794,641.9","232,374.96","111,431.69","427,367.29","147,356,227.6","10,052,442.6","3,886,101.1","2,283.09",2.1140,2.1066,3.8879,"1,340.54",45.73,17.68,0.0104,0.2598,0.2605,0.4779,164.78,0.0013,2.4355,2.4270,4.4793,"1,544.45",52.68,20.37,0.0120,3.8231,2.4315,0.5016,2.2153,3.8411,2.5329,0.5271,2.1932,6.5904,6.6179,0.5161,4.2372,"1,953.07","1,348.27",959.50,"1,429.10",0.0221,0.0085,0.3974,0.3016,0.0645,0.2591,0.3988,0.3292,0.0678,0.2604,0.6851,0.8209,0.0663,0.4956,203.04,167.24,123.30,167.14,0.0023,0.0010,1.9372,1.8991,3.7937,"1,382.92",47.46,14.04,0.0057,"62,502,865.9","37,210,372.5","83,657,065.9","28,758,826.0","266,158.9","4,331,132.8",0.0,0.0,0.0,"1,373,746.5","1,745,695.8","215,248,572.6","4,597,291.6","4,331,132.8","190,820,879.4","29,024,984.9",28.4303,16.9257,38.0526,13.0814,0.1211,1.9701,0.0000,0.0000,0.0000,0.6249,0.7941,97.9089,2.0911,1.9701,86.7976,13.2024,,,,,,,,,,,,,,,,,,,,,,,,,,,,,,,,,,,,,
11,GA,13,"39,737.9","990,630,472.6","468,044,906.9","136,617,442.0","65,118,987.8","118,496.71","38,039.96","646,010.65","95,805,693.5","3,007,898.5","3,269,108.9","3,740.08",1.7347,1.1683,9.4572,"1,402.54",22.02,23.93,0.0274,0.2392,0.1625,1.3042,193.42,0.0038,2.3404,1.5762,12.7591,"1,892.22",29.70,32.28,0.0369,2.5462,5.9459,0.1742,2.3468,1.7077,6.3112,0.1186,1.5230,14.1364,48.5864,0.0074,13.0560,"2,051.86","1,765.43",969.00,"1,946.96",0.0427,0.0383,0.2544,0.6937,0.0214,0.2389,0.1706,0.7207,0.0187,0.1602,1.4122,5.6686,0.0009,1.3292,204.98,205.97,119.00,198.22,0.0043,0.0039,2.3185,1.6641,10.9000,"1,654.63",33.18,24.93,0.0223,"87,235,508.7","1,006,253.4","9,773,531.2","31,534,259.0","3,820,289.9","3,196,376.3",0.0,0.0,0.0,"51,223.5",0.0,"129,600,775.8","7,016,666.2","3,196,376.3","101,262,893.1","35,354,548.9",63.8539,0.7365,7.1539,23.0822,2.7963,2.3397,0.0000,0.0000,0.0000,0.0375,0.0000,94.8640,5.1360,2.3397,74.1215,25.8785,,,,,,,,,,,,,,,,,,,,,,,,,,,,,,,,,,,,,
12,HI,15,"2,592.7","123,159,469.2","55,662,349.5","11,522,803.2","4,994,229.9","22,355.13","10,042.06","24,009.52","9,973,066.3","1,905,878.4","345,203.5",133.29,3.8802,4.0215,4.1673,"1,731.01",165.40,29.96,0.0116,0.3630,0.3608,0.3899,161.95,0.0011,3.9926,4.1380,4.2880,"1,781.16",170.19,30.83,0.0119,0.8936,4.3600,N/A,3.8203,0.8880,4.4094,N/A,3.8919,0.7708,5.0595,N/A,4.3801,"1,896.64","1,758.63",N/A,"1,775.13",0.0106,0.0016,0.1000,0.4193,N/A,0.3760,0.1000,0.4170,N/A,0.3773,0.0863,0.4865,N/A,0.4311,212.26,169.11,N/A,174.70,0.0012,0.0002,5.3284,5.8244,4.2579,"1,800.75",185.69,29.99,0.0124,"1,631,249.8","9,076,425.2",0.0,0.0,"96,187.6","301,112.6","6,632.0",0.0,"221,597.0","189,599.1",0.0,"10,897,274.0","625,529.2","529,341.6","11,198,386.6","324,416.6",14.1567,78.7692,0.0000,0.0000,0.8348,2.6132,0.0576,0.0000,1.9231,1.6454,0.0000,94.5714,5.4286,4.5939,97.1846,2.8154,,,,,,,,,,,,,,,,,,,,,,,,,,,,,,,,,,,,,
13,IA,19,"12,869.5","417,977,974.1","190,483,340.6","43,987,078.7","19,752,372.0","75,754.12","32,979.97","137,912.79","41,947,003.5","984,511.8","1,390,794.3","2,223.15",3.4444,3.3393,6.2706,"1,907.24",22.38,31.62,0.0505,0.3625,0.3463,0.6599,200.71,0.0053,4.1124,3.9870,7.4867,"2,277.12",26.72,37.75,0.0603,4.3669,8.6998,0.2631,4.1167,4.2166,9.5161,0.2696,3.9535,8.0290,3.8322,0.0143,7.5007,"2,377.32","2,347.90",885.94,"2,281.37",0.0648,0.0605,0.3762,0.5975,0.0353,0.3627,0.3616,0.5875,0.0341,0.3465,0.6918,0.2632,0.0019,0.6609,204.83,161.25,118.82,201.02,0.0056,0.0053,4.0898,4.0232,6.9911,"2,240.01",27.16,36.15,0.0529,"34,083,456.1","149,531.8","2,480,701.8","4,538,313.0","959,525.8","115,974.9","1,647,133.9",0.0,0.0,"12,441.3",0.0,"41,264,444.1","2,722,634.7","1,763,108.8","36,842,106.0","7,144,972.8",77.4852,0.3399,5.6396,10.3174,2.1814,0.2637,3.7446,0.0000,0.0000,0.0283,0.0000,93.8104,6.1896,4.0082,83.7567,16.2433,,,,,,,,,,,,,,,,,,,,,,,,,,,,,,,,,,,,,
14,ID,16,"3,441.4","16,519,755.0","6,040,968.7","10,824,979.6","5,696,584.7",757.77,310.67,949.00,"723,800.4","207,424.6","37,193.7",N/A,0.1400,0.1091,0.1753,133.73,19.16,3.44,N/A,0.0917,0.1029,0.1149,87.63,N/A,0.6639,0.5172,0.8314,634.12,90.86,16.29,N/A,4.4386,43.5385,0.2175,0.4676,3.3999,43.6524,0.3205,0.5581,5.3688,3.2618,0.0060,0.3236,"1,341.64","2,879.95",825.56,856.13,N/A,N/A,0.6913,2.4380,0.0313,0.0676,0.6677,2.4380,0.0442,0.0787,0.8361,0.1827,0.0009,0.0468,208.95,161.27,118.82,123.77,N/A,N/A,0.5206,0.4983,0.8146,653.57,72.11,13.81,N/A,"95,181.3",4.9,"1,550,167.1",0.0,"8,542,117.5","577,039.9",0.0,0.0,0.0,0.0,"60,468.8","1,705,822.1","9,119,157.4","577,039.9","2,282,862.1","8,542,117.5",0.8793,0.0000,14.3203,0.0000,78.9112,5.3306,0.0000,0.0000,0.0000,0.0000,0.5586,15.7582,84.2418,5.3306,21.0888,78.9112,,,,,,,,,,,,,,,,,,,,,,,,,,,,,,,,,,,,,
15,IL,17,"48,313.8","1,099,814,918.7","498,060,834.8","194,157,100.8","85,472,550.7","133,020.84","36,776.61","350,703.25","109,310,141.6","2,552,683.7","3,591,868.2","8,285.61",1.3702,0.8605,3.6126,"1,126.00",13.15,18.50,0.0427,0.2419,0.1477,0.6377,198.78,0.0075,2.6439,1.6605,6.9706,"2,172.65",25.37,35.70,0.0823,2.7811,21.3209,0.8136,2.6513,1.7373,20.6766,0.6582,1.6298,7.4898,1.6833,0.9843,7.0140,"2,268.82","1,476.70","1,113.48","2,185.94",0.0894,0.0829,0.2515,2.3235,0.0892,0.2426,0.1547,2.3185,0.0705,0.1478,0.6774,0.1834,0.1080,0.6419,205.19,160.93,122.14,200.06,0.0081,0.0076,2.7716,1.7873,7.1864,"2,097.08",25.51,32.78,0.0812,"92,264,271.0","326,021.9","7,110,426.1","93,263,001.0","129,036.7","684,618.3","141,146.0",0.0,0.0,"238,579.8",0.0,"193,202,299.7","954,801.0","825,764.3","100,623,917.1","93,533,183.7",47.5204,0.1679,3.6622,48.0348,0.0665,0.3526,0.0727,0.0000,0.0000,0.1229,0.0000,99.5082,0.4918,0.4253,51.8260,48.1740,,,,,,,,,,,,,,,,,,,,,,,,,,,,,,,,,,,,,
16,IN,18,"30,085.7","1,354,190,722.8","594,201,329.8","130,290,362.9","57,005,901.0","214,229.26","57,740.17","876,661.47","136,006,998.2","3,197,209.9","4,529,353.0","5,866.69",3.2885,2.0258,13.4570,"2,087.75",24.54,34.76,0.0450,0.3164,0.1943,1.2947,200.87,0.0043,3.2996,2.0326,13.5025,"2,094.80",24.62,34.88,0.0452,3.4013,1.2468,0.3606,3.3066,2.1065,1.1842,0.3284,2.0409,14.1721,0.0309,0.0090,13.5395,"2,150.04","1,210.54","1,146.40","2,101.77",0.0475,0.0453,0.3244,0.1205,0.0370,0.3171,0.1997,0.1118,0.0349,0.1951,1.3516,0.0030,0.0009,1.2986,205.06,117.02,117.76,201.58,0.0045,0.0043,3.5834,2.4829,15.2457,"2,120.76",25.55,33.93,0.0421,"122,796,431.7","264,294.5","3,596,430.7",0.0,"438,281.8","66,467.6",0.0,0.0,0.0,"2,703,146.4","425,310.1","129,785,613.4","504,749.4","66,467.6","129,852,081.1","438,281.8",94.2483,0.2029,2.7603,0.0000,0.3364,0.0510,0.0000,0.0000,0.0000,2.0747,0.3264,99.6126,0.3874,0.0510,99.6636,0.3364,,,,,,,,,,,,,,,,,,,,,,,,,,,,,,,,,,,,,
17,KS,20,"12,007.5","430,823,759.6","195,223,434.9","45,862,689.7","20,508,903.5","89,973.17","41,595.24","136,521.99","43,453,084.3","1,066,380.4","1,435,914.1","2,034.55",3.9236,4.0563,5.9535,"1,894.92",23.25,31.31,0.0444,0.4177,0.4261,0.6338,201.72,0.0047,4.9160,5.0822,7.4593,"2,374.19",29.13,39.23,0.0556,4.9132,5.0552,4.8278,4.9160,5.0254,4.9546,5.0853,5.0239,7.2524,18.4001,0.0722,7.4593,"2,405.55","2,003.71","1,604.26","2,374.19",0.0589,0.0556,0.4189,0.4300,0.3579,0.4177,0.4299,0.4279,0.3309,0.4261,0.6183,1.5651,0.0054,0.6338,205.09,170.43,118.92,201.72,0.0050,0.0047,5.6144,5.6182,8.9246,"2,351.42",37.22,34.58,0.0367,"34,480,731.0","986,405.4","1,137,448.3","8,820,945.0","11,337.0",0.0,"425,823.0",0.0,0.0,0.0,0.0,"45,425,529.7","437,160.0","425,823.0","36,604,584.7","9,258,105.0",75.1825,2.1508,2.4801,19.2334,0.0247,0.0000,0.9285,0.0000,0.0000,0.0000,0.0000,99.0468,0.9532,0.9285,79.8134,20.1866,,,,,,,,,,,,,,,,,,,,,,,,,,,,,,,,,,,,,
18,KY,21,"22,703.9","996,096,679.8","438,021,163.7","97,822,418.3","42,969,439.1","167,571.04","37,558.49","503,807.18","100,632,256.5","2,360,641.2","3,415,398.9","3,671.44",3.4260,1.7481,10.3004,"2,057.45",24.13,34.91,0.0375,0.3365,0.1715,1.0116,202.05,0.0037,3.5330,1.8027,10.6220,"2,121.67",24.89,36.00,0.0387,3.5501,3.7285,2.1852,3.5444,1.8604,0.6173,0.7017,1.8024,10.9178,6.4666,0.0144,10.6610,"2,125.99","2,457.57","1,374.70","2,131.31",0.0405,0.0389,0.3398,0.3113,0.1793,0.3370,0.1782,0.0526,0.0584,0.1715,1.0451,0.5399,0.0012,1.0136,203.50,205.18,112.82,202.64,0.0039,0.0037,3.4995,1.9973,11.8917,"2,113.67",25.68,35.31,0.0375,"89,083,112.9","3,680,684.8","1,658,070.1",0.0,"2,961,192.9","422,384.6",0.0,0.0,0.0,"16,973.0",0.0,"94,438,840.8","3,383,577.5","422,384.6","94,861,225.4","2,961,192.9",91.0662,3.7626,1.6950,0.0000,3.0271,0.4318,0.0000,0.0000,0.0000,0.0174,0.0000,96.5411,3.4589,0.4318,96.9729,3.0271,,,,,,,,,,,,,,,,,,,,,,,,,,,,,,,,,,,,,
19,LA,22,"29,797.0","724,846,930.7","340,723,946.2","92,680,362.2","41,999,182.9","75,548.05","34,533.52","114,467.12","54,472,600.4","2,358,929.2","1,243,498.4","1,175.81",1.6303,1.6445,2.4701,"1,175.49",25.45,13.42,0.0127,0.2085,0.2027,0.3158,150.30,0.0016,1.9831,2.0003,3.0047,"1,429.86",30.96,16.32,0.0154,3.1349,2.4448,1.3274,2.0265,2.9731,2.2631,1.3990,1.9618,7.3889,8.7874,0.0861,3.0206,"2,318.82","1,677.58",986.17,"1,498.08",0.0439,0.0163,0.2740,0.2127,0.1590,0.2116,0.2617,0.1948,0.1653,0.2056,0.6457,0.7645,0.0103,0.3154,202.65,145.94,118.15,156.43,0.0038,0.0017,1.8158,1.7554,1.9538,"1,294.94",27.53,10.02,0.0071,"23,070,342.2","3,485,935.0","43,831,966.6","15,676,353.0","810,948.0","2,675,958.8",0.0,0.0,0.0,"2,817,417.2","311,441.5","89,193,455.5","3,486,906.8","2,675,958.8","76,193,061.2","16,487,301.0",24.8924,3.7612,47.2937,16.9144,0.8750,2.8873,0.0000,0.0000,0.0000,3.0399,0.3360,96.2377,3.7623,2.8873,82.2106,17.7894,,,,,,,,,,,,,,,,,,,,,,,,,,,,,,,,,,,,,
20,MA,25,"15,549.2","388,629,334.6","171,371,881.4","47,494,728.0","20,239,850.6","26,342.18","9,904.96","83,686.32","29,990,704.0","3,249,178.6","818,561.7",705.72,1.1093,0.9788,3.5240,"1,262.91",68.41,17.23,0.0149,0.1356,0.1156,0.4307,154.34,0.0018,1.2708,1.1213,4.0372,"1,446.83",78.37,19.74,0.0170,2.4292,1.4806,0.2542,1.1493,2.2064,1.4803,0.2073,0.9505,7.9299,10.4330,0.2414,4.2216,"1,942.05","1,714.19",942.32,"1,382.73",0.0250,0.0083,0.2515,0.1461,0.0312,0.1288,0.2303,0.1456,0.0254,0.1078,0.8209,1.0293,0.0297,0.4730,201.03,169.12,115.77,154.94,0.0026,0.0009,0.9421,0.8577,3.3023,"1,295.66",44.94,12.48,0.0076,"12,033,546.3","7,116,493.3","20,276,564.5","5,475,057.0","562,470.7","1,200,506.5",0.0,0.0,0.0,"830,089.8",0.0,"45,731,750.8","1,762,977.2","1,200,506.5","41,457,200.4","6,037,527.7",25.3366,14.9838,42.6922,11.5277,1.1843,2.5277,0.0000,0.0000,0.0000,1.7478,0.0000,96.2881,3.7119,2.5277,87.2880,12.7120,,,,,,,,,,,,,,,,,,,,,,,,,,,,,,,,,,,,,
21,MD,24,"13,375.7","369,386,432.9","173,359,557.9","52,638,599.3","22,982,754.0","64,802.53","21,144.97","287,866.63","35,590,672.9","1,820,454.0","1,196,458.5","2,040.14",2.4622,1.8401,10.9375,"1,352.27",34.58,22.73,0.0388,0.3509,0.2439,1.5586,192.70,0.0055,3.5771,2.6733,15.8903,"1,964.61",50.24,33.02,0.0563,3.6666,1.8486,0.9061,3.5473,2.5494,1.9625,0.8990,2.4822,17.0498,3.5533,0.0517,16.1849,"2,000.98",801.62,"1,207.00","1,948.29",0.0541,0.0510,0.3632,0.2010,0.0897,0.3517,0.2485,0.1925,0.0865,0.2417,1.6890,0.3864,0.0051,1.6047,198.22,87.18,119.52,193.16,0.0054,0.0051,3.7552,3.2551,17.1892,"1,964.52",50.19,31.08,0.0560,"29,313,921.7","3,817,583.4","1,891,637.2","14,703,221.0","1,703,638.9","549,877.4",0.0,0.0,0.0,"658,719.7",0.0,"50,385,083.0","2,253,516.3","549,877.4","36,231,739.4","16,406,859.9",55.6890,7.2524,3.5936,27.9324,3.2365,1.0446,0.0000,0.0000,0.0000,1.2514,0.0000,95.7189,4.2811,1.0446,68.8311,31.1689,,,,,,,,,,,,,,,,,,,,,,,,,,,,,,,,,,,,,
22,ME,23,"4,440.0","146,479,735.8","62,180,330.4","17,575,739.2","7,109,031.3","9,024.74","3,187.89","10,734.92","6,499,973.0","4,024,971.4","571,043.6",49.57,1.0270,0.8969,1.2216,739.65,229.01,32.49,0.0028,0.1232,0.1025,0.1466,88.75,0.0003,1.3385,1.1689,1.5921,964.04,298.48,42.35,0.0037,0.9312,3.2793,0.2255,0.6858,0.8753,3.7241,0.1979,0.5873,0.3734,8.8738,0.1608,1.3389,432.26,"2,806.29",957.37,"1,164.58",N/A,N/A,0.2400,0.1538,0.0269,0.0702,0.2300,0.1512,0.0236,0.0611,0.0963,0.4163,0.0192,0.1371,111.41,131.65,114.28,119.25,N/A,N/A,1.4090,1.8036,2.6223,"1,261.17",264.00,37.23,0.0014,"322,358.8","1,514,879.5","7,486,758.8",0.0,"4,090,923.7","3,854,345.0",0.0,0.0,0.0,"306,473.4",0.0,"9,630,470.4","7,945,268.7","3,854,345.0","13,484,815.5","4,090,923.7",1.8341,8.6192,42.5971,0.0000,23.2760,21.9299,0.0000,0.0000,0.0000,1.7437,0.0000,54.7941,45.2059,21.9299,76.7240,23.2760,,,,,,,,,,,,,,,,,,,,,,,,,,,,,,,,,,,,,
23,MI,26,"33,052.7","853,361,614.1","385,185,237.1","121,645,244.3","53,933,436.1","126,584.90","49,344.62","390,490.65","81,961,230.9","3,606,301.5","2,877,490.0","3,767.71",2.0812,1.8298,6.4202,"1,347.55",29.65,23.65,0.0310,0.2967,0.2562,0.9152,192.09,0.0044,2.8632,2.5174,8.8325,"1,853.88",40.79,32.54,0.0426,3.2595,0.8994,0.3572,2.6146,2.8631,0.9413,0.3689,2.2699,9.8664,6.9267,0.3200,8.2097,"2,134.92",297.31,541.49,"1,728.71",0.0524,0.0398,0.3115,0.6539,0.0831,0.3004,0.2738,0.6560,0.0727,0.2591,0.9428,5.0358,0.0744,0.9434,204.00,216.15,125.97,198.64,0.0050,0.0046,2.4014,1.8728,7.3683,"1,698.29",29.59,26.93,0.0358,"70,345,629.2","897,870.9","13,631,563.8","32,871,574.0","350,594.8","2,537,053.1","1,848.0",0.0,0.0,"1,009,110.5",0.0,"118,755,748.4","2,889,495.9","2,538,901.1","88,421,227.5","33,224,016.8",57.8285,0.7381,11.2060,27.0225,0.2882,2.0856,0.0015,0.0000,0.0000,0.8296,0.0000,97.6247,2.3753,2.0871,72.6878,27.3122,,,,,,,,,,,,,,,,,,,,,,,,,,,,,,,,,,,,,
24,MN,27,"13,222.8","431,717,282.9","187,109,565.2","52,906,084.8","22,344,283.8","88,480.38","36,404.38","105,570.95","42,183,866.1","2,048,507.3","1,507,279.7","1,531.55",3.3448,3.2585,3.9909,"1,594.67",38.72,28.49,0.0289,0.4099,0.3891,0.4891,195.42,0.0035,4.6922,4.5711,5.5986,"2,237.06",54.32,39.97,0.0406,5.0088,6.0512,1.1361,4.8000,4.8344,6.4182,1.2630,4.5928,6.0290,9.0916,0.0482,5.7103,"2,326.15","2,174.30","1,251.13","2,267.09",0.0416,0.0392,0.4404,0.4256,0.1083,0.4236,0.4234,0.3822,0.1128,0.4023,0.5302,0.6395,0.0046,0.5039,204.55,152.93,119.23,200.07,0.0037,0.0035,5.1306,4.9393,6.0067,"2,102.88",72.75,36.74,0.0285,"32,863,117.6","783,342.0","2,721,784.9","12,835,219.0","774,727.4","1,000,846.1","1,582,474.7",0.0,0.0,"298,614.5","45,958.6","49,548,036.7","3,358,048.2","2,583,320.7","37,713,663.7","15,192,421.1",62.1160,1.4806,5.1446,24.2604,1.4643,1.8917,2.9911,0.0000,0.0000,0.5644,0.0869,93.6528,6.3472,4.8828,71.2842,28.7158,,,,,,,,,,,,,,,,,,,,,,,,,,,,,,,,,,,,,
25,MO,29,"22,048.1","830,606,068.8","363,525,085.9","90,857,129.2","39,802,691.9","128,506.86","45,188.35","295,031.83","83,903,379.0","1,935,821.3","2,790,190.8","3,894.78",2.8288,2.2706,6.4944,"1,846.93",21.31,30.71,0.0429,0.3094,0.2486,0.7104,202.03,0.0047,3.1504,2.5288,7.2328,"2,056.93",23.73,34.20,0.0477,3.2638,29.5949,0.4250,3.1504,2.6698,23.4891,0.4282,2.5339,7.5504,3.3007,0.0124,7.2328,"2,104.03","2,930.06",978.44,"2,056.93",0.0498,0.0477,0.3179,1.6188,0.0517,0.3094,0.2590,1.2554,0.0508,0.2486,0.7355,0.1805,0.0015,0.7104,204.96,160.27,119.06,202.03,0.0049,0.0047,3.7584,3.1133,7.9200,"2,031.97",25.04,31.25,0.0338,"77,437,142.0","168,415.3","3,896,751.9","8,030,577.0","1,245,257.8","9,249.1",0.0,0.0,0.0,"69,736.2",0.0,"89,602,622.4","1,254,506.9","9,249.1","81,581,294.5","9,275,834.8",85.2296,0.1854,4.2889,8.8387,1.3706,0.0102,0.0000,0.0000,0.0000,0.0768,0.0000,98.6193,1.3807,0.0102,89.7907,10.2093,,,,,,,,,,,,,,,,,,,,,,,,,,,,,,,,,,,,,
26,MS,28,"17,176.7","330,395,088.7","170,028,509.1","45,075,692.9","22,655,952.2","44,190.09","23,209.19","77,262.10","27,626,151.8","1,194,115.4","785,181.7",591.53,1.9607,2.0488,3.4281,"1,225.77",26.49,17.42,0.0131,0.2675,0.2730,0.4677,167.23,0.0018,2.5253,2.6388,4.4152,"1,578.73",34.12,22.44,0.0169,3.3200,6.6103,0.3484,2.5881,3.3426,7.1764,0.3257,2.5785,6.8405,6.1716,0.0050,4.4816,"2,141.36","1,467.05",860.44,"1,654.42",0.0305,0.0177,0.3083,0.6406,0.0481,0.2712,0.3088,0.6894,0.0451,0.2768,0.6352,0.5981,0.0007,0.4696,198.86,142.18,118.84,173.37,0.0028,0.0019,2.6470,2.8679,4.2788,"1,473.67",29.27,16.86,0.0123,"16,635,888.2","1,436,374.5","15,336,760.3","10,077,846.0",0.0,"1,568,314.1",0.0,0.0,0.0,"19,370.7","1,139.0","43,507,378.7","1,568,314.1","1,568,314.1","34,997,846.9","10,077,846.0",36.9066,3.1866,34.0245,22.3576,0.0000,3.4793,0.0000,0.0000,0.0000,0.0430,0.0025,96.5207,3.4793,3.4793,77.6424,22.3576,,,,,,,,,,,,,,,,,,,,,,,,,,,,,,,,,,,,,
27,MT,30,"5,245.8","216,930,250.1","88,995,517.4","27,938,776.3","12,739,896.2","40,795.63","17,023.30","21,771.26","22,239,943.1","551,190.5","759,879.5","1,010.50",2.9204,2.6724,1.5585,"1,592.05",19.73,27.20,0.0362,0.3761,0.3826,0.2007,205.04,0.0047,4.4460,4.0686,2.3727,"2,423.78",30.04,41.41,0.0551,4.5027,2.5385,1.5812,4.4566,4.5570,2.6827,1.6260,4.5175,2.1753,10.4951,0.0270,2.3620,"2,395.33","4,014.37","7,579.52","2,434.88",0.0566,0.0553,0.3863,0.1400,0.1645,0.3776,0.3916,0.1500,0.1635,0.3841,0.1866,0.5788,0.0028,0.2001,205.49,221.39,788.35,206.32,0.0049,0.0047,3.4733,2.9329,6.1273,"2,760.93",75.25,50.35,0.0321,"17,823,338.8","413,990.7","36,066.8",0.0,"9,587,348.5","65,244.5",0.0,0.0,0.0,"12,787.2",0.0,"18,286,183.4","9,652,592.9","65,244.5","18,351,427.9","9,587,348.5",63.7943,1.4818,0.1291,0.0000,34.3156,0.2335,0.0000,0.0000,0.0000,0.0458,0.0000,65.4509,34.5491,0.2335,65.6844,34.3156,,,,,,,,,,,,,,,,,,,,,,,,,,,,,,,,,,,,,
28,NC,37,"29,011.9","807,578,539.6","367,819,568.1","129,733,725.3","58,055,382.5","115,726.42","30,807.83","510,453.44","79,459,971.8","2,571,438.6","2,765,521.0","3,509.97",1.7841,1.0613,7.8692,"1,224.97",19.82,21.32,0.0271,0.2866,0.1675,1.2642,196.79,0.0043,2.7486,1.6351,12.1235,"1,887.21",30.54,32.84,0.0417,2.8679,1.4709,0.4535,2.7743,1.6697,1.8534,0.5231,1.6071,12.8747,0.2486,0.0589,12.3671,"1,966.59",517.28,"1,089.27","1,930.62",0.0445,0.0427,0.2986,0.4237,0.0500,0.2898,0.1735,0.3374,0.0567,0.1675,1.3405,0.0716,0.0065,1.2921,204.76,148.99,120.00,201.70,0.0046,0.0045,3.1025,2.4684,11.6468,"1,952.11",29.80,31.41,0.0436,"78,450,733.5","485,077.5","3,129,478.4","39,981,739.0","5,543,005.6","1,836,909.1",0.0,0.0,0.0,"74,181.1","232,601.2","122,353,810.6","7,379,914.7","1,836,909.1","84,208,980.7","45,524,744.6",60.4706,0.3739,2.4122,30.8183,4.2726,1.4159,0.0000,0.0000,0.0000,0.0572,0.1793,94.3115,5.6885,1.4159,64.9091,35.0909,,,,,,,,,,,,,,,,,,,,,,,,,,,,,,,,,,,,,
29,ND,38,"5,070.8","342,205,464.5","142,643,744.2","31,932,614.6","13,335,856.4","77,082.25","31,582.75","138,894.30","37,124,155.8","801,563.0","1,192,829.3","2,283.95",4.8278,4.7365,8.6992,"2,325.16",25.10,37.35,0.0715,0.4505,0.4428,0.8118,216.97,0.0067,5.0761,4.9801,9.1467,"2,444.76",26.39,39.28,0.0752,5.0862,6.7836,-1.4686,5.0776,5.0014,6.7836,-1.4678,4.9926,9.1714,3.3675,-0.0160,9.1497,"2,449.43","3,060.34",-622.39,"2,445.56",0.0754,0.0752,0.4509,0.3575,0.2760,0.4506,0.4432,0.3575,0.2760,0.4429,0.8131,0.1775,0.0030,0.8119,217.15,161.27,116.97,217.02,0.0067,0.0067,5.7101,7.4352,10.7170,"2,508.90",41.00,41.71,0.0795,"30,258,758.7","34,207.1","9,096.8",0.0,"1,341,824.0","9,989.0","220,345.0",0.0,0.0,"58,394.0",0.0,"30,360,456.6","1,572,158.0","230,334.0","30,370,445.6","1,562,169.0",94.7582,0.1071,0.0285,0.0000,4.2020,0.0313,0.6900,0.0000,0.0000,0.1829,0.0000,95.0766,4.9234,0.7213,95.1079,4.8921,,,,,,,,,,,,,,,,,,,,,,,,,,,,,,,,,,,,,
30,NE,31,"7,494.6","251,340,399.2","106,241,125.5","31,465,429.7","13,491,404.7","54,116.87","21,949.35","74,209.47","25,265,169.3","584,468.8","839,872.9",699.58,3.4398,3.2538,4.7169,"1,605.90",18.58,26.69,0.0222,0.4306,0.4132,0.5905,201.04,0.0028,4.9888,4.7191,6.8410,"2,329.07",26.94,38.71,0.0322,4.9441,15.2606,6.2322,4.9940,5.0169,14.4427,1.1156,4.8065,7.0986,2.1737,0.2238,6.8548,"2,357.59","1,921.15","1,683.75","2,333.71",0.0335,0.0323,0.4301,1.2670,0.4415,0.4310,0.4331,1.2350,0.0909,0.4136,0.6176,0.1805,0.0159,0.5916,205.11,159.50,119.27,201.41,0.0029,0.0028,4.6911,3.2453,5.9383,"2,172.49",29.03,29.49,0.0353,"20,818,171.1","31,227.3","803,464.2","8,801,841.0","871,472.5","42,645.7","96,607.8",0.0,0.0,0.0,0.0,"30,454,703.6","1,010,726.1","139,253.6","21,695,508.3","9,769,921.3",66.1620,0.0992,2.5535,27.9731,2.7696,0.1355,0.3070,0.0000,0.0000,0.0000,0.0000,96.7878,3.2122,0.4426,68.9503,31.0497,,,,,,,,,,,,,,,,,,,,,,,,,,,,,,,,,,,,,
31,NH,33,"4,540.1","137,313,901.1","60,047,149.5","24,414,429.8","10,865,204.4","11,493.84","3,614.40","55,228.58","9,622,652.3","1,489,325.3","366,366.3",60.06,0.9416,0.6653,4.5243,788.28,61.00,15.01,0.0025,0.1674,0.1204,0.8044,140.16,0.0004,1.7395,1.2291,8.3583,"1,456.30",112.70,27.72,0.0045,3.3094,3.1500,0.0969,1.4802,2.1500,3.1201,0.0904,0.9893,20.2775,16.4736,0.0114,8.4612,"2,326.42","2,206.89",873.91,"1,494.65",0.0129,0.0043,0.2915,0.2310,0.0132,0.1591,0.1884,0.2262,0.0124,0.1083,1.7859,1.2082,0.0016,0.9095,204.90,161.86,119.35,160.65,0.0011,0.0005,1.2927,1.2791,6.2639,"1,362.59",63.24,15.84,0.0021,"4,072,987.0","1,357,141.7","6,784,734.8","9,455,885.0","1,743,321.3","937,513.5",0.0,0.0,0.0,"62,846.5",0.0,"21,733,595.0","2,680,834.9","937,513.5","13,215,223.5","11,199,206.3",16.6827,5.5588,27.7899,38.7307,7.1405,3.8400,0.0000,0.0000,0.0000,0.2574,0.0000,89.0195,10.9805,3.8400,54.1287,45.8713,,,,,,,,,,,,,,,,,,,,,,,,,,,,,,,,,,,,,
32,NJ,34,"20,854.5","261,486,042.4","131,364,789.3","60,608,679.6","27,885,800.2","29,863.52","10,678.02","58,199.36","21,775,912.9","1,831,535.3","653,702.4",802.53,0.9855,0.7658,1.9205,718.57,30.22,10.79,0.0132,0.2284,0.1626,0.4451,166.56,0.0031,2.0268,1.5751,3.9499,"1,477.91",62.15,22.18,0.0272,4.0571,0.0895,0.3135,1.2052,2.9655,0.1143,0.3316,0.8825,9.3903,0.0748,0.0215,2.5079,"2,225.54",87.78,749.62,862.98,0.0217,0.0057,0.3701,0.1356,0.0503,0.2334,0.2698,0.1447,0.0496,0.1614,0.8567,0.1134,0.0034,0.4856,203.03,132.96,120.16,167.11,0.0020,0.0011,2.1669,1.6264,4.5392,"1,464.80",35.42,17.03,0.0187,"11,625,410.1","1,095,267.2","15,268,146.1","31,391,685.0","-251,594.6","838,527.8",0.0,0.0,0.0,"580,323.2","60,914.8","60,021,746.4","586,933.2","838,527.8","29,468,589.1","31,140,090.5",19.1018,1.7996,25.0872,51.5799,0.0000,1.3778,0.0000,0.0000,0.0000,0.9535,0.1001,98.6222,1.3778,1.3778,48.4201,51.5799,,,,,,,,,,,,,,,,,,,,,,,,,,,,,,,,,,,,,
33,NM,35,"7,066.8","351,767,027.3","155,035,160.8","35,135,640.6","15,452,615.5","76,309.72","33,169.92","30,669.27","34,009,625.1","817,809.9","1,072,523.1","2,244.96",4.3437,4.2931,1.7458,"1,935.90",23.28,30.53,0.0639,0.4339,0.4279,0.1744,193.36,0.0064,4.4657,4.4137,1.7948,"1,990.26",23.93,31.38,0.0657,4.8268,27.5058,1.8599,4.4657,4.8608,27.5091,1.8327,4.4061,2.0418,2.0876,0.0125,1.7948,"2,078.55","1,819.42","1,353.24","1,990.26",0.0748,0.0657,0.4762,2.4380,0.1628,0.4339,0.4797,2.4380,0.1632,0.4279,0.2014,0.1850,0.0011,0.1744,205.06,161.27,118.46,193.36,0.0074,0.0064,2.5290,2.2491,0.6431,"1,480.82",24.85,10.41,0.0193,"29,947,248.0","36,908.9","4,187,217.1",0.0,"164,992.8","4,644.0","794,629.9",0.0,0.0,0.0,0.0,"34,171,373.9","964,266.7","799,273.9","34,176,017.9","959,622.7",85.2332,0.1050,11.9173,0.0000,0.4696,0.0132,2.2616,0.0000,0.0000,0.0000,0.0000,97.2556,2.7444,2.2748,97.2688,2.7312,,,,,,,,,,,,,,,,,,,,,,,,,,,,,,,,,,,,,
34,NV,32,"9,841.9","352,084,109.5","156,542,028.5","40,921,212.2","18,282,569.0","45,933.21","20,228.28","53,553.12","29,479,348.3","819,356.5","730,423.8",611.60,2.2450,2.2128,2.6174,"1,440.79",20.02,17.85,0.0149,0.2609,0.2584,0.3042,167.46,0.0017,2.4203,2.3857,2.8218,"1,553.34",21.59,19.24,0.0161,4.2541,-7.0667,0.7117,2.4203,4.2937,-7.0667,0.7477,2.4030,5.7867,-0.5334,0.0112,2.8141,"2,216.11",-467.44,954.51,"1,552.01",0.0332,0.0161,0.3936,2.4380,0.0882,0.2609,0.3897,2.4380,0.0931,0.2584,0.5354,0.1840,0.0014,0.3034,205.05,161.27,118.35,167.31,0.0031,0.0017,1.3317,1.2894,0.8695,"1,254.35",22.07,7.26,0.0059,"18,384,261.0","44,518.4","19,414,895.1",0.0,"1,702,379.8",0.0,0.0,0.0,"1,262,706.4","112,451.5",0.0,"37,956,126.0","2,965,086.2","1,262,706.4","37,956,126.0","2,965,086.2",44.9260,0.1088,47.4446,0.0000,4.1601,0.0000,0.0000,0.0000,3.0857,0.2748,0.0000,92.7542,7.2458,3.0857,92.7542,7.2458,,,,,,,,,,,,,,,,,,,,,,,,,,,,,,,,,,,,,
35,NY,36,"42,824.3","774,945,356.9","380,333,127.5","148,069,580.2","66,426,711.8","65,647.39","29,366.38","181,615.48","61,325,138.0","5,472,744.6","1,540,840.6","1,633.88",0.8867,0.8842,2.4531,828.33,36.96,10.41,0.0110,0.1694,0.1544,0.4687,158.27,0.0021,1.6306,1.6259,4.5110,"1,523.20",67.97,19.14,0.0203,2.5428,1.8843,0.5429,1.5418,2.6213,1.7109,0.4978,1.4186,10.3113,5.0758,0.1962,4.6378,"2,116.24","1,603.08",965.03,"1,497.04",0.0455,0.0129,0.2458,0.1794,0.0688,0.1636,0.2502,0.1636,0.0620,0.1504,0.9968,0.4833,0.0249,0.4921,204.58,152.65,122.32,158.84,0.0044,0.0014,1.6236,1.6033,4.4314,"1,517.76",51.98,13.83,0.0123,"20,364,683.0","24,027,886.9","33,262,547.0","42,443,152.0","25,001,779.7","1,831,787.0","102,989.9",0.0,0.0,"1,034,754.7",0.0,"121,133,023.6","26,936,556.6","1,934,776.9","80,521,658.6","67,547,921.6",13.7535,16.2274,22.4641,28.6643,16.8852,1.2371,0.0696,0.0000,0.0000,0.6988,0.0000,81.8082,18.1918,1.3067,54.3810,45.6190,,,,,,,,,,,,,,,,,,,,,,,,,,,,,,,,,,,,,
36,OH,39,"36,796.1","1,369,352,554.1","582,985,978.7","156,967,960.4","68,328,787.6","260,352.29","53,428.45","1,116,299.97","139,060,670.8","3,294,991.9","4,693,870.1","7,561.65",3.3173,1.5639,14.2233,"1,771.84",20.99,29.90,0.0482,0.3803,0.1833,1.6304,203.10,0.0055,3.6764,1.7331,15.7629,"1,963.63",23.26,33.14,0.0534,3.7470,25.9805,0.3627,3.6783,1.8130,26.2372,0.3278,1.7627,16.1216,4.5100,0.0128,15.7811,"1,984.24","3,776.97","1,128.08","1,965.89",0.0546,0.0535,0.3872,1.1093,0.0384,0.3804,0.1883,1.1093,0.0348,0.1832,1.6661,0.1926,0.0014,1.6320,205.06,161.27,119.30,203.31,0.0056,0.0055,3.8745,2.7289,20.7100,"1,988.51",24.17,32.48,0.0611,"136,866,192.7","1,390,647.2","2,694,227.9","14,802,733.0","515,743.8","385,819.0","13,268.0",0.0,0.0,"299,328.9",0.0,"156,053,129.6","914,830.7","399,087.0","141,636,215.6","15,331,744.7",87.1937,0.8859,1.7164,9.4304,0.3286,0.2458,0.0085,0.0000,0.0000,0.1907,0.0000,99.4172,0.5828,0.2542,90.2326,9.7674,,,,,,,,,,,,,,,,,,,,,,,,,,,,,,,,,,,,,
37,OK,40,"21,796.6","640,617,403.1","323,287,310.8","70,283,511.1","35,523,779.8","87,234.01","41,141.98","108,741.39","54,918,161.6","1,522,726.5","1,436,581.1","1,949.63",2.4823,2.3163,3.0944,"1,562.76",21.67,20.44,0.0277,0.2723,0.2545,0.3395,171.45,0.0030,2.6056,2.4313,3.2480,"1,640.35",22.74,21.45,0.0291,3.3074,0.3087,1.4202,2.6167,3.1919,0.2732,1.4041,2.4229,5.1563,0.0166,0.0059,3.2526,"2,014.37",88.98,"1,014.37","1,649.65",0.0465,0.0293,0.3258,0.4220,0.1663,0.2727,0.3140,0.5138,0.1631,0.2548,0.5080,0.0227,0.0007,0.3389,198.44,121.63,118.80,171.90,0.0046,0.0031,2.0649,1.8234,1.3618,"1,293.63",21.57,10.08,0.0108,"36,349,432.5","70,332.5","30,225,068.4",0.0,"2,476,535.7","289,217.0","847,773.0",0.0,0.0,"18,838.3","6,313.7","66,669,985.4","3,613,525.7","1,136,990.0","66,959,202.4","3,324,308.7",51.7183,0.1001,43.0045,0.0000,3.5236,0.4115,1.2062,0.0000,0.0000,0.0268,0.0090,94.8586,5.1414,1.6177,95.2701,4.7299,,,,,,,,,,,,,,,,,,,,,,,,,,,,,,,,,,,,,
38,OR,41,"12,766.9","145,948,409.8","51,183,235.9","49,519,311.3","18,735,837.5","11,003.14","4,792.80","12,932.42","9,939,648.9","840,128.9","237,791.9",179.36,0.4444,0.5116,0.5223,401.45,16.97,4.80,0.0036,0.1508,0.1873,0.1772,136.21,0.0012,1.2338,1.4204,1.4501,"1,114.52",47.10,13.33,0.0101,4.8225,N/A,0.2529,1.2095,4.7971,N/A,0.2819,1.4826,6.9463,N/A,0.0079,1.4604,"2,306.28",N/A,870.90,"1,171.38",0.0491,0.0103,0.4291,N/A,0.0345,0.1485,0.4148,N/A,0.0431,0.1881,0.6180,N/A,0.0011,0.1794,205.20,N/A,118.94,143.86,0.0044,0.0013,0.9996,0.7004,1.1358,999.75,42.47,11.10,0.0066,"3,466,711.2","59,253.8","13,389,391.0",0.0,"30,948,342.6","877,825.7","734,273.9",0.0,0.0,"43,513.1",0.0,"16,958,869.0","32,560,442.3","1,612,099.6","17,836,694.7","31,682,616.6",7.0007,0.1197,27.0387,0.0000,62.4975,1.7727,1.4828,0.0000,0.0000,0.0879,0.0000,34.2470,65.7530,3.2555,36.0197,63.9803,,,,,,,,,,,,,,,,,,,,,,,,,,,,,,,,,,,,,
39,PA,42,"49,296.0","1,376,982,216.2","622,468,886.8","218,007,339.4","95,727,428.9","184,311.23","50,735.83","997,192.45","135,654,583.9","5,541,258.4","4,564,949.7","10,648.28",1.6909,1.0600,9.1482,"1,244.50",25.42,20.94,0.0488,0.2677,0.1630,1.4484,197.03,0.0077,2.6345,1.6516,14.2539,"1,939.05",39.60,32.63,0.0761,2.8114,3.7322,0.2939,2.6353,1.6966,3.5668,0.2356,1.5849,15.9925,10.0274,0.0152,14.5186,"2,020.26","1,892.91",971.75,"1,929.64",0.0835,0.0746,0.2850,0.3536,0.0361,0.2708,0.1709,0.3225,0.0294,0.1630,1.6210,0.9500,0.0019,1.4918,204.77,179.33,119.50,198.27,0.0085,0.0077,2.5882,2.0636,12.4265,"1,845.16",34.63,25.71,0.0526,"120,863,987.9","4,957,734.1","10,811,444.4","76,289,432.0","1,514,826.3","1,992,045.4","284,240.9",0.0,0.0,"1,272,072.7","21,555.8","214,216,226.9","3,791,112.5","2,276,286.2","139,918,840.3","78,088,499.1",55.4403,2.2741,4.9592,34.9940,0.6949,0.9138,0.1304,0.0000,0.0000,0.5835,0.0099,98.2610,1.7390,1.0441,64.1808,35.8192,,,,,,,,,,,,,,,,,,,,,,,,,,,,,,,,,,,,,
40,RI,44,"1,996.2","49,066,307.2","25,555,490.6","6,053,293.4","2,981,176.4",644.39,311.35,165.92,"2,919,853.8","116,308.2","11,957.8",N/A,0.2129,0.2089,0.0548,964.72,19.21,1.98,N/A,0.0263,0.0244,0.0068,119.02,N/A,0.2131,0.2091,0.0549,965.79,19.24,1.98,N/A,N/A,5.1650,0.1718,0.2131,N/A,4.8122,0.1745,0.2090,N/A,5.3525,0.0106,0.0549,N/A,"1,386.07",962.28,965.79,N/A,N/A,N/A,0.6321,0.0212,0.0263,N/A,0.6216,0.0203,0.0244,N/A,0.6551,0.0013,0.0068,N/A,169.64,118.59,119.02,N/A,N/A,0.3180,0.2949,0.0801,"1,053.31",21.14,2.20,N/A,0.0,"55,813.7","5,990,745.7",0.0,"6,734.0",0.0,0.0,0.0,0.0,0.0,0.0,"6,046,559.4","6,734.0",0.0,"6,046,559.4","6,734.0",0.0000,0.9220,98.9667,0.0000,0.1112,0.0000,0.0000,0.0000,0.0000,0.0000,0.0000,99.8888,0.1112,0.0000,99.8888,0.1112,,,,,,,,,,,,,,,,,,,,,,,,,,,,,,,,,,,,,
41,SC,45,"25,142.2","478,995,015.0","224,560,036.2","102,514,661.4","44,804,954.3","55,594.47","17,930.98","226,159.35","45,817,122.1","1,529,849.3","1,555,340.6","1,218.11",1.0846,0.8004,4.4122,893.86,14.92,15.17,0.0119,0.2321,0.1597,0.9443,191.31,0.0025,2.3341,1.7224,9.4950,"1,923.57",32.11,32.65,0.0256,2.2914,0.9011,0.2004,2.0849,1.6347,1.0084,0.1937,1.4277,9.5118,0.4344,0.0107,8.5700,"1,826.59",382.42,"1,018.50","1,745.64",0.0249,0.0225,0.2538,0.3794,0.0235,0.2324,0.1803,0.3779,0.0223,0.1586,1.0537,0.1829,0.0013,0.9554,202.35,161.04,119.40,194.61,0.0028,0.0025,1.9089,1.5069,7.7030,"1,760.87",28.36,25.34,0.0209,"39,676,795.3","672,802.1","5,412,551.2","53,137,554.0","1,739,470.8","1,782,646.7",0.0,0.0,0.0,"92,841.3",0.0,"98,992,543.9","3,522,117.5","1,782,646.7","47,637,636.7","54,877,024.8",38.7035,0.6563,5.2798,51.8341,1.6968,1.7389,0.0000,0.0000,0.0000,0.0906,0.0000,96.5643,3.4357,1.7389,46.4691,53.5309,,,,,,,,,,,,,,,,,,,,,,,,,,,,,,,,,,,,,
42,SD,46,"3,027.0","38,913,377.4","15,240,369.9","6,520,768.5","2,949,390.2","14,800.40","5,348.46","11,460.63","3,851,980.4","91,052.9","124,118.7",92.78,4.5395,3.6268,3.5151,"1,181.45",13.96,19.03,0.0142,0.7607,0.7019,0.5890,197.98,0.0024,9.0024,7.1925,6.9710,"2,342.98",27.69,37.75,0.0282,9.7659,9.9013,0.8584,9.0024,9.6234,9.9013,0.7683,8.1922,7.6274,3.8136,0.0322,6.9710,"2,421.63","3,438.58","1,488.12","2,342.98",0.0309,0.0282,0.8294,0.4644,0.0697,0.7607,0.8268,0.4644,0.0654,0.7019,0.6478,0.1789,0.0026,0.5890,205.66,161.27,120.83,197.98,0.0026,0.0024,6.9954,6.5383,5.5459,"2,224.28",29.49,29.90,0.0159,"2,996,347.0","20,784.6","270,945.9",0.0,"3,074,566.0",0.0,"158,104.0",0.0,0.0,21.0,0.0,"3,288,098.5","3,232,670.0","158,104.0","3,288,098.5","3,232,670.0",45.9508,0.3187,4.1551,0.0000,47.1504,0.0000,2.4246,0.0000,0.0000,0.0003,0.0000,50.4250,49.5750,2.4246,50.4250,49.5750,,,,,,,,,,,,,,,,,,,,,,,,,,,,,,,,,,,,,
43,TN,47,"22,688.1","603,591,968.4","274,659,864.9","97,019,349.1","42,261,917.0","103,412.56","22,468.09","268,048.54","61,076,912.7","1,592,464.6","2,103,950.4","2,759.71",2.1318,1.0633,5.5257,"1,259.07",16.41,21.69,0.0284,0.3427,0.1636,0.8882,202.38,0.0046,3.4185,1.7051,8.8609,"2,019.03",26.32,34.78,0.0456,3.4602,0.8611,2.2145,3.4451,1.6647,0.6033,1.8420,1.6548,9.0035,0.0899,0.0431,8.9484,"2,050.39","1,551.66","1,959.80","2,047.60",0.0466,0.0463,0.3457,0.0662,0.1327,0.3435,0.1642,0.0481,0.1174,0.1628,0.8996,0.0069,0.0026,0.8922,204.86,119.33,117.42,204.15,0.0047,0.0046,3.6396,2.5526,11.0225,"2,050.63",26.41,34.99,0.0528,"59,181,335.0","230,517.2","532,019.5","27,803,108.0","8,711,605.9","557,424.5","3,339.0",0.0,0.0,0.0,0.0,"87,746,979.7","9,272,369.4","560,763.5","60,501,296.2","36,518,052.9",60.9995,0.2376,0.5484,28.6573,8.9792,0.5745,0.0034,0.0000,0.0000,0.0000,0.0000,90.4428,9.5572,0.5780,62.3600,37.6400,,,,,,,,,,,,,,,,,,,,,,,,,,,,,,,,,,,,,
44,TX,48,"108,093.4","3,292,609,350.7","1,540,746,496.8","397,230,222.1","190,841,550.0","196,031.29","86,302.46","597,420.87","269,204,654.5","7,843,575.9","6,099,389.7","9,749.38",0.9870,0.9044,3.0079,"1,355.41",19.75,15.35,0.0245,0.1191,0.1120,0.3629,163.52,0.0030,1.1093,1.0165,3.3807,"1,523.39",22.19,17.26,0.0276,1.8997,2.4728,0.4929,1.1111,1.8204,0.6295,0.4996,1.0128,7.9094,0.8710,0.0194,3.3944,"2,271.36","1,185.75",997.23,"1,531.79",0.0651,0.0277,0.1753,0.3616,0.0586,0.1190,0.1728,0.1912,0.0601,0.1120,0.7298,0.1274,0.0023,0.3635,209.59,173.41,118.63,164.04,0.0060,0.0030,0.6654,0.7060,0.6243,"1,138.47",20.71,5.83,0.0044,"148,358,023.0","2,273,932.2","195,680,121.8","38,232,493.0","1,332,559.0","1,097,199.2","4,237,208.8",0.0,0.0,"5,175,518.6","843,166.4","390,563,255.1","6,666,967.0","5,334,408.0","353,427,961.3","43,802,260.8",37.3481,0.5724,49.2611,9.6248,0.3355,0.2762,1.0667,0.0000,0.0000,1.3029,0.2123,98.3216,1.6784,1.3429,88.9731,11.0269,,,,,,,,,,,,,,,,,,,,,,,,,,,,,,,,,,,,,
45,UT,49,"6,856.3","395,846,996.3","174,914,159.1","38,158,077.2","16,714,442.0","70,779.96","31,263.89","37,007.65","40,122,566.9","921,222.2","1,342,781.2",289.60,3.7098,3.7409,1.9397,"2,102.97",24.14,35.19,0.0076,0.3576,0.3575,0.1870,202.72,0.0007,3.8065,3.8384,1.9903,"2,157.78",24.77,36.11,0.0078,3.8889,22.4036,1.0536,3.8065,3.9822,22.3261,0.8438,3.8534,2.0529,1.4297,0.0102,1.9885,"2,189.22","1,576.34","1,185.25","2,157.48",0.0080,0.0078,0.3646,2.0897,0.1055,0.3576,0.3701,2.0663,0.0752,0.3575,0.1925,0.1334,0.0010,0.1868,205.26,147.03,118.65,202.69,0.0008,0.0007,4.4055,5.0178,2.9062,"1,838.57",24.47,24.85,0.0073,"35,970,404.8","40,908.6","1,177,500.4",0.0,"784,461.4",0.0,0.0,0.0,"184,802.0",0.0,0.0,"37,188,813.8","969,263.4","184,802.0","37,188,813.8","969,263.4",94.2668,0.1072,3.0858,0.0000,2.0558,0.0000,0.0000,0.0000,0.4843,0.0000,0.0000,97.4599,2.5401,0.4843,97.4599,2.5401,,,,,,,,,,,,,,,,,,,,,,,,,,,,,,,,,,,,,
46,VA,51,"24,321.6","509,820,481.4","232,559,035.1","78,811,115.8","34,370,270.5","70,496.04","21,874.59","227,114.45","47,130,905.6","3,230,331.6","1,676,006.1","1,250.57",1.7890,1.2729,5.7635,"1,196.05",40.99,21.27,0.0159,0.2766,0.1881,0.8910,184.89,0.0025,2.7738,1.9736,8.9364,"1,854.48",63.55,32.97,0.0246,3.3276,1.1956,0.4039,2.8078,2.2833,1.3208,0.3407,1.8465,11.4942,3.3048,0.1560,9.4846,"2,143.48","1,317.22",814.49,"1,918.53",0.0324,0.0259,0.3142,0.1299,0.0609,0.2806,0.2135,0.1377,0.0479,0.1855,1.0853,0.3591,0.0235,0.9480,202.40,143.13,122.89,191.76,0.0031,0.0026,2.3057,1.6196,8.7684,"1,612.42",55.13,24.39,0.0226,"35,397,029.7","4,236,683.5","8,223,519.7","27,918,481.0","63,529.0","2,456,558.8",0.0,0.0,0.0,"515,314.1",0.0,"76,291,028.0","2,520,087.8","2,456,558.8","50,829,105.8","27,982,010.0",44.9138,5.3757,10.4345,35.4245,0.0806,3.1170,0.0000,0.0000,0.0000,0.6539,0.0000,96.8024,3.1976,3.1170,64.4948,35.5052,,,,,,,,,,,,,,,,,,,,,,,,,,,,,,,,,,,,,
47,VT,50,"1,086.5","7,409,094.6","3,353,654.6","5,716,751.9","2,403,074.1",581.37,266.69,48.48,"13,297.8","506,578.9","67,621.1",N/A,0.2034,0.2220,0.0170,4.65,88.61,11.83,N/A,0.1569,0.1590,0.0131,3.59,N/A,2.7494,3.0003,0.2293,62.89,"1,197.84",159.89,N/A,N/A,0.9195,N/A,0.9195,N/A,1.0298,N/A,1.0298,N/A,0.2461,N/A,0.2461,N/A,461.72,N/A,461.72,N/A,N/A,N/A,0.3190,N/A,0.3190,N/A,0.3204,N/A,0.3204,N/A,0.0854,N/A,0.0854,N/A,160.17,N/A,160.17,N/A,N/A,2.7322,2.8106,0.1814,173.96,"1,016.50",136.04,N/A,0.0,"10,178.6","2,240.0","4,071,547.0","1,210,809.2","410,491.1","11,486.0",0.0,0.0,0.0,0.0,"4,083,965.6","1,632,786.3","421,977.1","422,909.7","5,293,842.2",0.0000,0.1780,0.0392,71.2213,21.1800,7.1805,0.2009,0.0000,0.0000,0.0000,0.0000,71.4386,28.5614,7.3814,7.3977,92.6023,,,,,,,,,,,,,,,,,,,,,,,,,,,,,,,,,,,,,
48,WA,53,"27,646.9","212,281,743.7","82,839,025.7","101,975,586.7","42,967,962.0","21,600.13","8,332.14","4,525.15","16,882,589.7","1,672,301.6","616,155.6",668.55,0.4236,0.3878,0.0887,331.11,16.40,6.04,0.0066,0.2035,0.2012,0.0426,159.06,0.0031,2.0422,1.8696,0.4278,"1,596.15",79.05,29.13,0.0316,3.1927,22.4918,0.5424,2.0160,3.0671,22.5271,0.5997,1.9238,0.6249,1.6843,0.0152,0.3542,"2,358.07","1,487.77",902.53,"1,711.82",0.0600,0.0334,0.2755,2.4380,0.0710,0.2050,0.2634,2.4380,0.0843,0.2016,0.0539,0.1826,0.0020,0.0360,203.51,161.27,118.15,174.07,0.0052,0.0034,1.4194,1.5272,0.3831,"1,240.81",71.56,21.36,0.0195,"10,506,173.6","102,038.0","8,581,295.4","8,242,273.0","72,080,734.0","1,586,837.3","498,470.0",0.0,0.0,"377,765.4",0.0,"27,809,545.4","74,166,041.3","2,085,307.3","21,154,109.7","80,821,477.0",10.3026,0.1001,8.4150,8.0826,70.6843,1.5561,0.4888,0.0000,0.0000,0.3704,0.0000,27.2708,72.7292,2.0449,20.7443,79.2557,,,,,,,,,,,,,,,,,,,,,,,,,,,,,,,,,,,,,
49,WI,55,"16,934.7","555,336,847.8","251,711,768.3","61,840,344.8","27,349,422.0","74,369.76","31,798.10","189,960.37","53,186,665.6","1,578,126.8","1,748,801.6","2,298.26",2.4052,2.3253,6.1436,"1,720.13",25.52,28.28,0.0372,0.2678,0.2527,0.6841,191.55,0.0041,2.9674,2.8689,7.5797,"2,122.22",31.48,34.89,0.0459,3.3047,0.0256,0.6034,2.6029,3.2283,0.0268,0.6112,2.4946,8.7477,0.0025,0.1383,6.7197,"2,296.21",2.35,"1,135.37","1,886.39",0.0528,0.0404,0.2927,1.7200,0.0636,0.2680,0.2856,1.7174,0.0613,0.2526,0.7747,0.1680,0.0146,0.6919,203.35,157.41,119.67,194.24,0.0047,0.0042,2.5317,2.2949,5.5272,"1,789.46",36.34,25.23,0.0229,"41,649,008.6","702,932.1","6,481,520.4","9,920,991.0","1,703,115.8","1,169,939.2","92,543.9",0.0,0.0,"74,364.4","45,929.5","58,874,746.0","2,965,598.9","1,262,483.1","50,123,694.1","11,716,650.7",67.3493,1.1367,10.4811,16.0429,2.7541,1.8919,0.1496,0.0000,0.0000,0.1203,0.0743,95.2044,4.7956,2.0415,81.0534,18.9466,,,,,,,,,,,,,,,,,,,,,,,,,,,,,,,,,,,,,
50,WV,54,"17,343.0","880,800,989.3","379,258,413.2","93,600,525.1","40,728,565.6","162,304.81","28,802.00","472,124.15","90,236,388.9","2,049,347.8","3,062,605.3","5,008.23",3.4680,1.4143,10.0881,"1,928.12",21.89,32.72,0.0535,0.3685,0.1519,1.0720,204.90,0.0057,3.5284,1.4390,10.2637,"1,961.68",22.28,33.29,0.0544,3.5367,N/A,1.0474,3.5284,1.4367,N/A,0.9194,1.4352,10.2952,N/A,0.8199,10.2637,"1,964.11",N/A,"1,233.23","1,961.68",0.0546,0.0544,0.3695,N/A,0.1042,0.3685,0.1521,N/A,0.0890,0.1519,1.0755,N/A,0.0815,1.0720,205.18,N/A,122.64,204.90,0.0057,0.0057,4.2307,3.4196,13.4994,"1,965.62",22.52,33.10,0.0607,"91,406,122.3","223,551.6","273,069.6",0.0,"1,447,565.6",713.0,"153,892.0",0.0,0.0,"95,611.1",0.0,"91,998,354.6","1,602,170.6","154,605.0","91,999,067.6","1,601,457.6",97.6556,0.2388,0.2917,0.0000,1.5465,0.0008,0.1644,0.0000,0.0000,0.1021,0.0000,98.2883,1.7117,0.1652,98.2891,1.7109,,,,,,,,,,,,,,,,,,,,,,,,,,,,,,,,,,,,,
51,WY,56,"7,031.4","503,462,687.6","205,845,018.2","45,567,305.6","19,230,292.0","91,392.93","37,458.62","90,280.78","51,296,417.0","1,170,313.5","1,696,751.6","1,856.74",4.0113,3.8958,3.9625,"2,251.46",25.68,37.24,0.0407,0.3631,0.3639,0.3586,203.77,0.0037,4.1503,4.0307,4.0998,"2,329.45",26.57,38.53,0.0422,4.1621,N/A,3.7106,4.1564,4.0835,N/A,3.7538,4.0770,4.1561,N/A,0.1482,4.1059,"2,342.13",N/A,"1,605.64","2,332.90",0.0428,0.0422,0.3648,N/A,0.2710,0.3634,0.3666,N/A,0.2709,0.3643,0.3642,N/A,0.0108,0.3589,205.26,N/A,117.25,203.94,0.0037,0.0037,4.0591,4.0349,2.5677,"2,141.24",25.98,33.46,0.0369,"43,345,684.5","42,295.2","324,981.2",0.0,"808,374.9",0.0,"717,263.8",0.0,0.0,"263,586.0","65,119.9","44,041,666.9","1,525,638.7","717,263.8","44,041,666.9","1,525,638.7",95.1245,0.0928,0.7132,0.0000,1.7740,0.0000,1.5741,0.0000,0.0000,0.5785,0.1429,96.6519,3.3481,1.5741,96.6519,3.3481,,,,,,,,,,,,,,,,,,,,,,,,,,,,,,,,,,,,,
,,,,,,,,,,,,,,,,,,,,,,,,,,,,,,,,,,,,,,,,,,,,,,,,,,,,,,,,,,,,,,,,,,,,,,,,,,,,,,,,,,,,,,,,,,,,,,,,,,,,,,,,,,,,,,,,,,,,,,,,,,,,,,,,,,,,,,,,,,,,,,,,,